Date,Time,Lat,Lon,STP,ESRH,EBWD,MLCAPE,MLCIN,01Shear,obs_pl
1979-04-10,2300,34.00,-98.50,0.0,174.22708873702774,37.0571318770262,99.32382128982866,-225.68552103087583,44.98104030840389,103.0
1979-04-11,0000,33.75,-97.75,4.969526080652811,653.1851976293246,53.945789803946624,1363.7441403606347,-74.47556927240106,40.91782471591934,75.0
1980-06-04,0100,41.00,-98.50,7.678075786357508,339.1198103875548,26.908246163321447,3786.398814467383,-17.186735257372828,26.708222539479657,23.3
1981-05-22,0300,35.25,-98.25,0.0,94.98218898739903,17.185781497815032,7.389373017884197,-442.1623079071217,33.60650368222337,26.7
1981-05-23,0200,35.50,-98.50,7.462996298799914,374.7886763599687,30.835775552512153,3580.980102850182,-74.88557753838637,26.25093315158837,27.0
1982-03-19,0600,36.25,-101.25,2.2890717373557172,428.3307162570387,42.43066838124314,801.6253506258207,-40.328791493829264,37.50750218579629,140.8
1982-04-02,2100,34.00,-95.25,6.304003999188667,378.66701195404494,34.27205834134106,2497.1824057202484,-3.1158549821750112,38.77229229287018,85.0
1982-04-02,2300,33.00,-95.50,9.450561199901319,485.8774282704532,47.4835880293643,2917.5757042908567,-26.127412604169653,39.46150132787074,84.0
1984-03-28,2300,34.50,-79.50,4.405402822486618,489.9937653198822,56.156613177069666,1348.6098602532143,-17.88125544618328,32.45740789962775,72.0
1984-03-28,2300,34.75,-77.75,4.813637979283024,497.7527403310115,52.25712600007867,1693.5761636230607,-71.51940151800545,32.14861008899727,64.0
1984-06-08,0300,40.75,-93.25,5.595442333371427,635.6319083258597,55.764856102813205,1320.4440164376306,-33.45220973301879,42.43362547860686,187.2
1985-05-11,0000,39.00,-97.75,3.5483972623006217,312.35081171491646,28.67537981822584,2394.2185948477095,-76.1505088742952,39.49565296504906,89.6
1985-06-01,0100,40.75,-78.75,2.950580157542876,294.3430147689228,39.88305914269256,1503.6437130294707,-48.63043134205943,43.14501655123534,111.0
1986-03-10,2000,39.25,-87.00,1.8296375053489762,305.6939422237595,43.85413353760544,897.7790786624743,-2.4579928449022197,41.9608213995387,56.0
1987-11-16,0300,32.25,-93.75,0.4893799710277574,375.81693100720986,37.255269415786344,263.8699612829114,-88.96435646458522,41.91423173737141,76.8
1989-07-10,1700,42.50,-73.75,0.0,587.4134963686934,45.76461538695995,1559.5272105213376,-209.47837087634213,43.15800863538608,67.2
1989-11-15,2200,34.75,-86.25,1.4869529265547814,288.12693283484737,40.71839022844634,774.1134672441888,-13.007901795380764,37.57871852675856,29.8
1989-11-15,2200,34.75,-86.75,1.8034201833728525,296.46141780235195,43.120034240913846,912.4729602631678,-1.5094294223253821,35.76822151359132,37.0
1990-06-03,0200,38.75,-86.25,3.500472557917851,503.32589235875145,52.578406555778095,1043.2026082088128,-47.569614348461926,41.19636343394351,66.0
1990-06-03,0300,38.75,-85.75,2.8645438258849167,464.5731063073704,46.20396648992207,924.8954966378361,-49.16206200131533,40.165469188336,65.6
1991-04-26,2300,39.00,-96.25,3.442355266168167,310.0796122474576,32.767088188700704,1665.2281205548973,-18.28044751864298,35.855126506012205,71.0
1992-06-16,0400,38.50,-97.00,3.533042761557779,252.209129350909,24.408277510008592,2724.2898514657113,-57.799403276170615,25.3966233002717,27.0
1992-06-16,2100,43.50,-95.25,3.7686350662553907,317.4442176187428,31.77918925458017,1780.7703796868025,-47.792577498668656,24.301559094054966,26.0
1992-11-21,2100,30.50,-95.25,1.4862993286166066,442.9132927359098,40.12528851188715,503.36014508696064,-19.14468108926636,34.98749343246451,51.2
1992-11-22,0500,31.75,-91.25,3.0328715077406967,392.92647758839746,45.45719091127889,1157.801146293985,-23.048748668259098,42.520605124870585,61.0
1992-11-22,0600,32.00,-89.25,4.733764023754386,368.7186543908862,37.74193733271944,1925.7626244491662,-1.0054187618576151,37.52679039104429,64.0
1992-11-22,0900,33.25,-89.50,7.449763520857796,569.1218837628219,51.7921606804669,1963.4889467620017,-2.502560015233848,48.47717884688684,179.2
1994-04-26,1900,34.75,-94.75,3.205531325309274,169.4953718554085,27.60685544291655,3082.7460771936876,-11.71641525309391,24.28086814772434,19.0
1995-06-09,0200,35.25,-99.50,2.302825496610297,476.2590303678192,42.00393215439173,931.6601053646406,-83.22689588147645,37.36972221898081,47.0
1996-04-20,0100,40.00,-89.25,2.0867321461643678,333.3481073246584,31.568965089962823,1256.8137076240357,-87.93233528370772,32.03444817192681,23.2
1996-10-26,2100,44.75,-96.00,0.9332700587187326,298.34630300685797,37.58030205469966,607.3702504921532,-25.75806941135092,42.784695774240916,27.0
1997-01-24,2300,35.50,-86.25,0.5163173732101324,250.8367861706255,34.63142805941766,308.75696967684013,-9.521849165155421,37.99778733247315,22.4
1997-03-01,0900,34.25,-88.75,1.994843264700451,383.470657510817,40.685714370341216,780.3113063393306,-25.761196541905626,39.27220829079212,48.0
1997-03-02,0000,35.75,-89.75,2.276702023344343,474.2291968326329,51.26165144412488,720.1271152905776,-33.370437452386355,41.20165563266476,72.0
1997-05-12,1900,25.75,-80.25,0.0,69.16893960751183,11.964690902763222,1651.9292070354159,-2.738178526123121,10.605318457646558,12.8
1997-05-27,2100,30.75,-97.50,0.0,8.859958031611477,2.286934478560253,3146.578863116947,-113.17884571029572,0.5785450054760872,8.2
1998-02-23,0500,28.50,-81.00,3.1613394841175957,387.62117623892897,48.757090104987256,1223.3617554613238,-15.939962817872878,42.182106974822695,61.0
1998-03-29,2300,44.00,-93.75,1.2277288545688458,240.8183958027355,47.03430419834661,831.582677017295,-62.06010591830693,37.26620383590805,117.6
1998-04-16,2200,35.25,-87.25,1.220024904988962,146.4377406194098,31.811081799978723,1249.7033549839393,-8.027555901517152,32.22325725418352,34.0
1998-06-23,2200,41.50,-97.00,3.5736094976834765,235.8523306977173,27.858404069493744,2747.6932782596505,-24.980479509803345,20.85757158499645,9.6
1999-04-03,0000,35.00,-99.25,0.0,143.33300037742913,10.984407980662276,1282.214286230899,-53.48923676863336,16.720760586451316,12.0
1999-04-08,2000,41.00,-94.50,3.9908267323534306,391.0034921228803,42.82408906072632,1530.9940241272461,-13.290633593908892,40.70534852700348,79.0
1999-05-03,0000,40.50,-98.50,0.5622964676505543,237.87213583587942,23.689876374417235,449.0260143434837,-5.295287552917507,23.348696296386485,19.0
1999-05-04,0000,42.00,-98.25,4.075553243109177,300.0037603301828,29.611504368837263,2064.4858708794195,-29.08583373118113,28.927175232234465,24.0
1999-05-04,0200,35.50,-97.50,7.033062957109717,337.70416317912316,27.444427338705424,3414.8091079707547,-13.014137523200569,33.16244845221095,59.2
1999-05-04,0300,36.00,-97.50,8.495102589382128,376.7648598870152,31.816419203825124,3382.123770219569,-10.157255176410704,35.77353159068062,56.3
1999-05-04,1700,33.50,-95.00,2.026775514022613,613.4642223211881,54.53499723227269,786.5258679293163,-105.48822559588233,48.56965437622527,114.4
1999-06-01,0000,37.00,-99.50,0.8724252469953446,107.19248804327464,15.09656251266622,2680.835882497286,-32.46436871843393,11.529601023140005,6.7
1999-06-04,0200,40.00,-99.50,10.616338302641829,436.46562223065087,36.775086579830834,3924.567619842232,-44.91338421581173,28.888443133864197,16.0
2000-02-18,1900,34.50,-92.25,0.4749778970702407,151.42273609101153,31.35499551941363,470.51510492924785,-6.316623070148816,24.042594386820557,12.5
2000-02-25,0300,36.50,-100.00,0.1905649122687927,294.5418987139716,27.617986955063813,560.5034260286767,-171.78829471422384,36.40421818271298,43.2
2000-03-29,0100,32.75,-97.25,0.4190521267674877,151.4561412909112,16.293881489079208,902.339012568445,-72.9745780139943,17.697871513462726,13.0
2000-05-01,0000,33.25,-98.50,1.6782911876568696,291.1010754373261,36.7405919613079,1150.2199845416374,-87.22181176763557,21.3734977869959,6.4
2000-05-08,0100,45.00,-95.00,0.4473400537228404,203.84302182915704,23.666863203335055,417.2667219202915,-38.482332525799485,13.866228522617753,3.2
2000-05-12,2200,38.75,-89.25,3.554090605834494,185.6441345050268,30.545277477984662,3606.9179958580285,-16.69475184290053,25.983685394183844,14.4
2000-05-17,2200,41.50,-100.50,1.6684228154522573,554.2590742514193,34.66201411315631,451.5278755802846,-33.06327505181291,26.111641446940876,18.4
2000-05-18,1900,41.50,-90.75,2.08780541288812,291.86480702836866,42.26686862289866,1072.9995682651058,-29.16518619481687,24.726232532007508,5.8
2000-05-27,0000,35.25,-98.25,1.0188618865135346,101.3548438867974,19.44315616497955,3681.2894525396573,-9.949603810227956,13.241941198488618,4.0
2000-06-04,0300,42.25,-97.75,0.0,380.1178595570325,43.654510088096664,59.70506584392,-245.67232649055663,24.158731016518786,8.0
2000-06-11,2200,48.25,-101.00,0.0,87.56108655373455,11.346106988038505,403.6144390846548,-103.22946722469383,17.7845215755499,4.8
2000-06-13,2000,41.00,-95.50,5.99297747792091,330.32820792079104,39.668977412829044,2721.3740762450834,-19.17195578928958,29.91806590274048,17.0
2000-06-29,2100,39.75,-101.75,0.0873306703300051,136.69580835083622,19.542692562174796,1648.7520362543744,-15.844651200412612,8.276433304756141,4.0
2000-07-04,2100,47.50,-99.25,0.5682769383852183,99.97768676359684,14.28267921203527,1790.8523439509556,-26.697924653315468,8.819216720226635,4.8
2000-07-26,0100,43.50,-95.75,0.6024923476666235,93.56465503171432,13.179213090835647,2721.321047444195,-34.58112594001862,13.942127087222605,4.8
2000-07-26,2000,41.75,-94.75,0.0,56.119558000446546,10.148021632090638,2510.6949127544503,-22.972669742298095,4.688488843767212,5.8
2000-10-29,2200,41.25,-97.25,0.20364051681098488,144.03698549176482,26.02262845540673,244.4846064550657,-23.402158263427,26.32408227954217,14.4
2001-04-11,1800,40.75,-94.00,2.0415399937557868,651.4699704129198,55.00808066632431,470.0615730135194,-25.462821614179738,41.493704814013675,122.4
2001-04-22,0000,38.25,-99.50,3.386156564884662,381.09416203371154,35.871325750873986,1659.313919513058,-53.70451019125785,25.66223278296622,8.0
2001-05-02,0000,44.00,-93.00,0.011625211228888523,75.6706472803802,14.807225333378636,286.8617778662235,-175.5864572915244,26.9109234978468,11.2
2001-05-10,0000,44.50,-93.00,0.2567952848157678,450.6527148626118,38.27789095840579,745.929539548471,-132.26750605231962,32.6316639034029,19.2
2001-05-10,2300,42.00,-92.75,0.0,64.93660538312274,11.319206140869008,477.8994881369389,-8.20443438009883,16.356009870004794,12.8
2001-05-20,2300,35.25,-96.00,1.8553189416846425,147.2384657347996,21.327412351531255,2658.7141264911206,-9.166755078944766,18.458365456756642,17.6
2001-05-30,0000,35.25,-100.75,3.1538040431894285,356.94984328435953,39.647134756358014,1559.759358047176,-72.54630571177715,27.57585020838029,16.0
2001-06-14,0000,40.75,-97.00,2.9827209203701077,176.66406998965658,30.617662767529556,3319.9885631854713,-85.57779326166788,31.545101306379934,12.8
2001-07-18,2300,47.75,-98.25,2.258269764737511,186.8584751934143,37.341561324291206,2840.1688916796875,-104.25824784705897,25.052913265258542,8.0
2001-08-17,2200,42.50,-96.00,0.3775762333467353,109.24025776759962,13.827997742013476,1617.8264661107999,-12.10001855777578,8.974814475362201,4.8
2001-08-23,2200,39.00,-98.00,3.0955749596690656,189.85655249351916,27.9841626804084,2621.8988400971593,-29.297928572833015,9.573389972420639,1.6
2001-09-23,0000,40.50,-98.00,0.47871509715143207,79.57156476236375,13.151321661501685,2058.55435682166,-42.65542954547759,13.50586941461705,16.0
2001-09-24,2100,39.00,-77.00,0.2970852142865621,202.27177295270002,26.37063077003497,250.63271141575885,-8.881157769686862,26.288680407948245,28.0
2001-10-09,2100,35.50,-99.25,0.0,114.37768343655057,11.958096690730002,721.1101967272541,-99.53491797915447,27.67651182184122,18.4
2001-10-09,2100,41.00,-98.00,1.349702551786932,172.9023247929698,22.608629375627316,1553.7298719509945,-13.048189488427562,18.651562040092593,29.0
2001-11-24,0700,33.75,-91.00,1.7053980171119996,381.3891754292515,44.16537495154537,670.7314183180146,-24.855015316697937,40.387487733155176,71.0
2001-11-24,1600,32.25,-87.75,4.132489463080015,377.08667084153626,40.759966030687124,1643.8486623742067,-1.4574731923459763,37.96286504759048,62.2
2001-11-26,2100,33.50,-92.25,1.0691572561343852,234.99079180107043,34.19435400087301,682.4675434768557,-12.610894089923658,27.966336494783313,31.7
2002-04-18,0300,36.25,-99.50,3.6209952715798672,437.2252462075645,32.31852504699461,1515.6364335172987,-77.05518767336642,37.02745471889431,54.4
2002-04-24,2100,36.75,-90.75,2.64597496168283,240.12912062849713,37.2722029104965,1652.845116050965,-32.91569240788488,32.392944321136724,60.8
2002-04-28,1000,37.25,-87.50,3.6326739505132224,349.22714413521356,51.392660615691945,1560.305668467766,-35.652998915925885,50.46481993186585,35.0
2002-05-05,2100,39.75,-99.00,0.32487229407946455,104.67233838376063,14.581598022267613,1734.7652377249708,-38.178864656950516,13.889509675370324,4.0
2002-05-05,2300,34.75,-101.75,0.04327230116072842,149.02794408884284,20.287078390789873,1124.3612724453849,-24.997022560071947,11.510726951475922,8.0
2002-05-08,0300,37.50,-99.00,7.115871825236146,393.444324210954,35.63080860662124,3066.4485185492385,-67.29365977185392,33.32328292892929,35.0
2002-06-24,0000,45.25,-98.25,0.0,133.98617092248148,19.480455473412125,2648.459019294524,-30.954090519455267,16.01825561220068,16.0
2002-12-18,0800,37.25,-94.50,0.3870782523609686,368.81638064198444,36.0151324541032,180.1011639925356,-68.88433909802987,34.94602495379098,17.6
2003-04-06,1800,31.75,-94.50,0.00037042841342305714,137.15817756890974,24.418937441448403,7.519118516826177,-190.07129365928074,43.60334118618552,61.1
2003-04-19,2200,37.25,-96.00,0.2692649451376124,283.0654774467672,31.935577048237388,176.27225318471523,-78.5796519302675,28.625624351840344,32.0
2003-04-30,2300,41.25,-91.25,0.5125222820846314,98.88850221195435,33.9918612519594,777.4244790149233,-40.87250746599605,28.9044900551873,25.6
2003-05-04,0000,41.75,-102.75,0.45059036039235584,148.11435457797336,15.497255183953943,883.3696528358121,-31.20833267603165,19.105905676731002,13.0
2003-05-04,0100,33.00,-99.50,1.9115239192621776,371.38513474411087,34.66124733391581,2330.7677700285053,-53.5769715353888,20.498847920046558,6.4
2003-05-04,2200,39.00,-94.50,1.442803204236571,306.36608400945914,32.88942288246241,791.9268536759404,-66.19761306334486,32.49992327858688,33.6
2003-05-05,0000,37.50,-93.00,2.788190100019292,478.7513746314899,42.43255261590234,1204.2876338297485,-91.19104530860999,46.40947429773121,79.0
2003-05-05,0200,35.00,-92.25,0.26973996144043033,418.0514660654958,39.21210320474631,313.01238824174567,-153.61938188058798,39.99334608813954,56.2
2003-05-08,2000,35.50,-97.00,4.544277705712945,295.5903804264029,46.916709544452324,2306.034637776919,-33.079299081370024,31.032636276338724,27.2
2003-05-09,0000,38.00,-94.75,3.756911759175341,321.3546537426303,43.155232014807005,2177.745466364422,-79.21255330841046,40.81729565305167,35.0
2003-05-10,0300,35.50,-98.00,3.5345927579620775,373.21773288905086,31.60753087799968,2085.93647143859,-97.84525279636235,30.726863030621296,29.0
2003-05-10,0300,39.00,-93.50,0.6341206959771359,190.200709309639,27.764951962479405,1179.068483124801,-131.25713771676612,23.478793032830083,16.0
2003-05-16,0000,36.50,-102.25,2.1994117321255566,626.9153767325475,46.508350670608564,526.2460805129994,-43.745676683117274,30.785474476864202,16.0
2003-05-16,0100,32.50,-99.50,0.0,-6.008516556953467,4.637671565037327,1204.4894251942646,-267.51115377478675,28.867899112420556,19.2
2003-05-31,0100,40.00,-89.00,0.5371459622713917,382.9955320839566,36.909893277562745,398.3331292327115,-80.39771834350942,30.697080536745805,22.4
2003-06-10,0000,42.50,-98.25,1.5579542882316373,314.6129676075863,34.38821329016393,775.2132933667681,-56.27265657466738,28.392105260976898,36.8
2003-07-15,0000,44.25,-94.75,0.0,0,0.0,1074.4180472897306,-254.07039018781546,15.206342564540265,4.0
2004-04-22,2000,36.00,-95.75,2.806108490444099,187.43098159904227,29.288934469178027,2300.234005767817,-2.5886343313257956,15.010368357449353,10.2
2004-05-16,2100,42.25,-99.25,2.0369455300294783,266.2912805133166,33.884627190977476,1147.3970492591561,-13.469153761032322,33.02896110579529,9.6
2004-05-23,0200,40.25,-95.75,2.6654126684825785,327.0245782787185,35.66974632165621,1657.201035510192,-89.33981666581587,32.24281369068313,83.2
2004-05-24,2300,39.75,-93.25,3.3836371712324764,305.61088530739926,30.983565683484652,1660.75751907317,-21.22421964932437,30.660702483506217,27.0
2004-05-29,0000,43.00,-96.50,0.11164679713658807,305.0100773400941,24.364871250675627,411.7896110514347,-139.9605613726583,21.007679638744758,1.6
2004-05-29,2100,37.00,-98.75,0.0,173.14898750319878,23.14535718576859,2007.554500642515,-14.271579811936931,15.459682436141687,12.8
2004-05-29,2100,39.75,-98.00,0.8900679269918139,187.42666155072956,28.964590575178537,2600.598739598677,-15.046018540628747,16.094489957439475,8.0
2004-05-29,2300,35.50,-98.25,5.147408333528934,281.6302938057781,26.90596708217708,3056.843186322906,-39.27145354405624,23.995725704503467,22.4
2004-05-30,0300,39.00,-94.25,5.202302138558868,416.26357104130716,34.765561341469436,2010.628307308936,-60.145034212668435,34.00426377542364,35.2
2004-06-13,2200,41.00,-96.50,0.24240713874558784,123.32711069751801,24.7256679576593,690.2926549981689,-77.42522934743182,13.535273856783288,3.2
2004-07-08,0100,38.75,-98.75,4.0805847671111595,324.97131458278113,24.329314946038867,3041.738924586291,-67.890840757336,24.19373124958136,2.4
2004-07-13,1900,41.00,-89.00,4.911055851957155,207.94156924442765,35.16821908399952,3542.621999392812,-24.888400752044284,11.890637498735602,15.4
2004-07-19,0100,47.00,-97.75,2.5029964841993313,160.91154567992518,19.746663937477184,3751.8778570431405,-17.344161150955085,15.760954827764227,6.4
2004-08-26,2100,40.50,-95.50,2.5077775968942344,173.59895350102727,23.724537438669405,3355.096376864773,-49.93601372102588,14.908013426548807,11.2
2004-09-08,2100,38.25,-77.25,0.7161433700108694,252.38958602810897,26.415546354576357,483.37196744542047,-3.7284817844543956,26.691580007473,28.5
2004-11-10,2300,35.50,-97.25,0.5843877316879459,221.4362872420898,30.21601949353524,395.86176613121125,-8.422054446506053,27.53585141326395,4.8
2004-11-24,0100,31.00,-92.75,1.1521438019464707,221.24719802182213,36.259491476718345,781.1243343968805,-18.734313141440094,35.04212960886097,25.6
2004-11-24,0800,32.00,-89.50,2.3440356520456067,358.99803025094633,37.58300049910725,979.4074568071094,-4.754168081360816,37.11823528306424,45.0
2005-01-13,0300,33.00,-93.25,0.5578456313206497,375.89024975622647,51.16063857056504,222.6097770622245,-36.71509854734614,40.00828377915538,38.4
2005-04-06,1600,31.00,-89.75,1.0344213509208073,211.94745053886447,41.087875531049576,732.08336426613,-28.794512014409733,41.678026739297266,44.8
2005-05-07,2300,41.00,-98.50,0.4319322489373867,208.59614039025274,28.942159076523517,866.3151058721936,-44.363776851822294,28.96282093530216,14.4
2005-05-12,0300,37.75,-101.00,2.3344742921444643,314.0297544379963,29.982578877305595,2177.646139126582,-82.94014709058463,28.68502174274252,21.1
2005-05-13,0100,33.50,-101.25,0.05161949426228805,95.83418297115858,19.9709709157586,1027.8015081689864,-181.10224484106868,21.791958361147415,9.6
2005-06-09,2100,39.50,-99.50,0.8744006004519663,185.22438103611472,22.293069205298533,2531.8239148627476,-26.186943250939095,16.412025608619007,14.4
2005-06-10,0000,34.00,-101.00,0.15651730603987238,49.7032808510607,16.21495006169553,1886.5539136796688,-97.06600152873422,24.570367695010326,24.0
2005-06-12,2300,33.25,-100.75,0.17784713005733044,117.60227728612239,22.172761798704293,1816.1128903392378,-174.65033233169234,20.29570358710816,3.2
2005-06-29,2100,43.75,-95.50,1.217867900428143,172.77000222946208,14.635971608583958,2535.8332811927703,-25.087271166208076,25.7427737264787,14.4
2005-11-06,0600,38.00,-87.50,2.259306312760244,375.7670250095926,51.694865221411774,901.8778241794506,-24.533201485443755,41.59821456174739,65.6
2005-11-12,2300,41.75,-93.50,1.9643845840577678,301.4378849135816,39.6393610831321,977.5071494186597,-8.748560178388505,35.783570387323415,19.2
2005-11-15,2200,36.50,-87.25,0.5018211320308984,437.3472644245818,53.63179884732168,215.26965005671272,-80.07154338240683,41.47164418637922,70.4
2006-03-12,0300,37.75,-90.75,1.6773546164192443,229.99623381326734,38.37340246716887,1093.9448367974665,-35.225043007849784,32.69541179098965,18.0
2006-03-12,2100,38.00,-94.75,2.0646041023260127,179.59336587231485,32.54173892808111,1724.3989712241491,-14.833002196992485,26.699161651086214,26.4
2006-03-12,2100,38.50,-93.50,4.308150224581214,388.81614913015767,42.30821485572615,1662.025960425982,-20.551350789845294,28.148967632553507,18.0
2006-03-12,2100,38.50,-93.75,3.6261576909639164,322.99535291962314,40.678458754554086,1683.9983879890121,-3.462244262857075,21.762288372681642,21.0
2006-03-12,2200,38.50,-93.50,1.2966555807240168,406.62430861638495,42.93281422532288,930.9259847179493,-121.29927260274225,32.48271231519289,45.0
2006-03-13,0100,39.25,-90.50,1.6447317814900475,531.7277402436429,49.08120097314942,598.411757521565,-83.69773664156203,42.634356462941525,107.2
2006-03-13,0300,36.25,-94.50,4.586081988355315,468.47242447683846,44.02473656154374,1955.021033597465,-59.778757491312675,44.080625337758896,46.7
2006-03-13,0300,37.25,-93.50,2.867867941025377,550.497162458436,46.855435282626864,1492.739328616217,-104.22060454928818,47.19955089649184,67.6
2006-04-14,0100,41.50,-91.25,0.6078278211240874,180.42131803150727,34.53768963120474,1827.5851936611687,-131.79871314345863,28.677886441820636,20.8
2006-04-15,2300,40.50,-96.75,3.783922632000777,460.86513566222334,45.85076314479479,1231.5715615687463,-49.7115931464774,32.45366014004169,54.4
2006-09-16,2300,43.75,-96.75,3.6045350814710915,260.43803049352937,37.18227785605373,2076.04189448091,-41.39105360606625,30.577336997845098,19.2
2006-09-17,0000,43.75,-97.00,1.612134483427448,136.300158925677,43.389038509464775,1842.642957687591,-55.57371781434099,32.128808354323404,19.2
2006-09-22,2100,37.50,-90.00,4.741628710456779,400.32798793133634,37.96741381829372,1776.6539637755943,-32.088192625195404,39.8808001614146,44.0
2006-11-15,1100,31.75,-89.00,0.6383099095228133,382.3167605516004,36.387083173992025,250.4375855515215,-23.194215276354715,36.368792234423594,35.5
2007-03-01,0300,38.25,-94.50,1.0773054733311573,321.3891989279385,39.694301637094625,502.8041438191158,-25.845200455726935,37.357550675795196,44.8
2007-03-28,2200,34.50,-101.25,1.4047965939448201,184.8415123829723,25.610356974467727,1576.1014064027777,-68.84236457856478,20.520051140353445,10.9
2007-03-28,2300,34.00,-101.00,0.11652301075797528,81.55084302320904,19.851198201804806,452.2675658460902,-92.57512764614926,24.95461942005608,28.0
2007-03-28,2300,34.25,-101.00,0.2492615250042932,93.15474473520351,19.751961467093295,625.4590658453408,-53.80082601080711,23.393578434208262,28.2
2007-03-29,0000,34.50,-101.00,0.04691051298972573,120.6263244755103,17.81427259760249,274.84143315678386,-146.38558620280236,25.07935307760374,10.2
2007-03-29,0000,36.25,-100.25,2.1993855738076804,183.38035996686125,26.71061724143274,2268.3137829528996,-27.70539046036567,27.61623935887731,35.0
2007-03-29,0000,37.50,-100.25,0.30777195410586083,366.3607581080111,39.76168397575895,431.8527271366637,-155.25524790135756,37.59249577779687,46.8
2007-03-29,0100,35.00,-100.75,0.0,68.4022330936332,8.001878738297423,292.2042520489552,-249.49513745930682,25.02898775612007,6.7
2007-03-29,0200,35.00,-100.50,0.0398475176653099,208.80821356095208,22.025585424615937,602.4372719009658,-190.29225917373304,28.779895865038238,12.5
2007-03-29,0200,35.25,-100.50,0.0,288.1096113240007,27.521278046633114,554.7248677755476,-201.51132471214765,27.27710850787198,12.9
2007-03-29,0300,38.75,-101.75,1.4805633459769698,280.49444501738594,33.88598085489351,877.1633365813723,-64.60432994058299,38.66025814674118,18.7
2007-04-21,0200,40.50,-100.25,0.0,173.13054896216255,22.08297702068102,252.90584432041427,-296.2605413381458,37.09173121417243,30.2
2007-04-22,0200,34.50,-102.00,1.2794858349275247,396.8706635184077,41.18176951199195,608.9404016422035,-48.81041298209389,30.367152951199152,46.1
2007-04-23,2300,36.75,-99.75,0.9102438515498483,119.83811780894919,15.532519053473692,2200.5609072475063,-3.6520338681483087,16.25970322608066,12.5
2007-04-24,0000,38.75,-101.75,0.7753995865325909,230.2100042124752,23.817262041614963,665.8280764217542,-56.63233703748064,24.065736953466743,24.8
2007-04-24,0100,32.25,-101.00,1.7176755215803574,225.54088105838304,27.03883483990956,1858.2751347161557,-40.34517787598657,17.112543078577364,6.4
2007-04-24,1900,39.00,-102.25,0.1718413829687291,140.43850395846255,18.319360410092788,300.5687129241518,-20.451614206146502,16.80459765407968,7.5
2007-05-04,2300,36.00,-99.75,0.9622247706852057,190.00370616464534,22.57039026247105,2518.001972439342,-48.54222645913174,13.767913374258569,6.4
2007-05-05,0300,37.25,-99.25,0.0,426.6881858286773,37.38229733717597,1591.2720185793942,-226.74682405362566,41.65954516198779,53.3
2007-05-05,2000,42.00,-100.00,2.3635273358206947,556.3749379234157,46.959153472005525,657.3438059732158,-54.59377021176667,42.26501664074174,88.0
2007-05-06,0200,35.50,-99.75,6.358221897835319,460.50606975591,38.464926223209844,2875.6453598259936,-91.96921938645193,32.170648745463176,27.2
2007-08-27,0300,47.50,-97.25,0.5411341215036536,115.46120366267914,17.535122095847807,2644.651509391617,-131.78256824003046,22.676550699362497,9.6
2007-10-19,0000,37.50,-87.50,1.5968221796402486,273.8629636405679,36.46002681438559,1451.8764841921243,-16.940204673755844,31.854996538898334,27.7
2008-01-10,1900,32.75,-89.25,1.9036318348812356,375.0668868026474,43.59595223178032,761.3169418030582,-2.230190264737242,39.31169763660501,37.8
2008-02-05,2300,35.75,-92.25,0.008735950033925157,67.56047653371867,15.2317618205414,38.201446776890755,-34.33421626235097,49.02210760956374,196.1
2008-03-15,2000,34.00,-82.00,1.430024026435912,365.39586117583974,45.03859667037446,587.0444270362468,-8.982931909115088,32.672062579191135,43.8
2008-04-11,1900,35.25,-87.00,0.7218889058574034,186.86100366420058,38.29571322900715,579.4860016550139,-10.424795352648559,29.500053595620717,24.0
2008-05-02,0200,36.25,-96.75,6.801138192613883,337.3093386674519,25.49321399889474,3697.101875877546,-55.598735104761985,33.94670127715672,27.2
2008-05-02,1400,35.25,-92.25,2.5402904727367157,336.00835437465435,43.086101689236365,1134.0300499958346,-37.8549754697428,45.56636416686237,72.5
2008-05-02,1500,34.50,-92.25,4.152836384001715,308.5410845056457,34.79594228865793,2018.9384457448452,-11.779392083848688,39.07759932802421,65.1
2008-05-22,1900,41.00,-105.50,1.8076674789212035,259.1134505027899,31.76826862329264,1046.4532864350901,-0.22922191657643887,28.23997679878449,38.8
2008-05-22,2300,39.50,-100.25,2.3808567292122738,459.51285184634213,46.36025830072044,785.223424802905,-51.534730588982995,38.66193025938625,55.0
2008-05-23,2200,39.00,-100.00,4.255142474384843,356.23950122951715,37.468414347963105,1791.6917381559615,-12.130801554106718,24.68484046917308,22.5
2008-05-24,0200,37.50,-99.00,7.864116354299616,561.1431983404714,46.09478063112899,2102.16831752314,-46.98726504385876,31.167564102249724,35.0
2008-05-29,2300,40.50,-98.75,3.958612047034887,352.5882082705947,25.965923860019274,2763.3989443122614,-38.78956228864779,35.540916739298304,33.4
2008-05-30,0000,39.50,-99.00,1.2501784539288308,341.90731977589553,39.72322816510287,1658.718710010989,-82.78856880075601,36.21294458464679,88.0
2008-06-05,0100,40.50,-101.25,0.8427794038673014,147.840062101397,21.504792583903324,1192.886250990778,-28.49209592299149,4.819626939036866,1.4
2008-06-05,0100,41.00,-95.00,2.6492128411653812,335.63536908029835,43.80440829047257,2033.3994688706696,-112.66085351226333,31.565281368692993,15.2
2008-06-07,2100,41.00,-89.00,4.3480483160627,219.1710670552981,32.28538405667417,2975.7908111331567,-7.135820855272428,21.86935297172784,23.2
2008-06-11,2300,42.00,-96.00,1.0819612110633876,265.90213699343553,34.37359656608376,849.766925705797,-92.26109479118834,29.13823529194557,20.8
2008-06-12,0300,39.00,-97.25,0.4049089587982813,357.7469295018094,44.2813947182842,1363.6585960168586,-164.32181606409688,33.83373412234614,27.7
2008-06-12,2200,42.50,-90.00,5.177293144828641,233.87651742415252,36.076898377302136,3320.5299115852877,-4.2337262979232095,25.41217226702026,19.5
2008-06-27,0000,45.00,-101.00,0.6269069726333149,168.60531291976736,19.539554811222676,1300.5593416489376,-101.2377944345234,12.242724301772357,1.9
2008-07-11,2000,47.25,-95.75,1.341966299292601,177.39227802467354,25.229064150005684,3250.272264661824,-28.312910487712507,27.485074054554104,25.6
2009-02-10,2300,36.00,-96.75,0.5673124786445698,196.33427514494304,25.87704709025625,502.4860515163836,-27.168376002862527,23.17691117138347,15.4
2009-03-08,1800,38.25,-88.25,1.536551667313406,357.2348186051619,44.569795845967306,645.1855700878775,-11.0028027799688,38.318561735805105,23.0
2009-04-10,0200,32.75,-94.75,8.11459235558504,501.8957942964924,42.4376194157677,2425.182412703598,-24.2959537907593,37.49796208683568,59.5
2009-04-29,2300,34.00,-101.50,1.498155454723571,118.36701627458164,19.481799762705823,3732.4423825250874,-5.6548029128809665,14.07557547759395,6.4
2009-05-13,2100,40.25,-93.25,1.09369084050802,93.51287262506872,19.56440197452427,2690.1042654289517,-11.481823847444682,22.80575868056382,14.8
2009-06-05,2200,41.50,-104.00,0.946830808285199,126.01769626109319,16.012673356197695,2298.081569902253,-26.113172895531374,9.582538089807814,13.3
2009-06-18,0200,41.00,-98.00,0.08973657366595633,170.3278905131826,32.08039813116557,1534.3866961711701,-191.4790298954993,13.563014809905354,8.2
2009-07-30,2100,34.00,-91.25,1.7211967032305684,240.6675472025977,38.3527327012603,1072.7641033680613,-4.1972560674562045,31.70625981307076,53.4
2009-10-29,2100,33.25,-92.75,2.736933946796148,351.5790699655903,44.97382452590076,1167.7034473627868,-3.571486979527164,41.259637184667625,32.0
2010-04-22,2200,38.00,-101.25,0.6463144655135512,162.78385860505034,22.721367769228518,802.725299006217,-53.06174144783558,24.009729206782676,15.0
2010-04-23,0000,35.00,-100.75,1.7782214420056943,228.11095179942282,28.131589635406364,1246.975573306036,-28.159421149119346,25.013184138545387,16.5
2010-04-23,0100,34.25,-100.50,0.4536562400786948,195.09441218127054,26.93910287798402,434.03929096780166,-65.7625613243332,25.503778047754608,19.5
2010-04-24,1600,33.25,-89.50,6.899853394201964,641.4833766511964,60.968812827899384,1613.413607899397,-14.524822848147645,46.32484935402419,240.0
2010-04-25,0300,33.75,-86.75,1.2479017185802967,292.19468542761507,40.585241673780736,640.6182833651011,-40.639488350138215,38.93139280301667,33.9
2010-05-01,0300,34.75,-91.75,0.09154492591162464,184.15504050898457,31.872883673134293,152.45006382311027,-126.6321867996526,38.73514328746222,55.5
2010-05-02,0800,35.00,-89.75,1.343119036855448,409.5797372651859,54.2601448864765,627.6260547325388,-82.44053648699109,43.15027416666448,47.6
2010-05-10,2100,35.50,-97.50,3.488256959063165,420.97827696423553,48.342157695208435,2805.4145141549125,-16.184431080063067,26.689755344312125,38.4
2010-05-10,2200,35.50,-97.75,0.0,509.38791220832337,43.35413307870673,615.6684887126252,-190.98526709058862,48.7995443567423,60.0
2010-05-23,0100,45.50,-99.75,3.1543747441157333,232.10225642626958,38.7371013131762,2302.9772153764575,-67.22179257905937,29.81563879698674,29.8
2010-05-24,0200,36.25,-103.00,0.27203638863239016,336.3731961358277,34.81091817044826,1094.2495579455783,-140.28964346854684,33.26519403045115,35.2
2010-05-24,2100,44.75,-102.00,3.4723308890369635,275.94390162349475,37.294598171137935,2310.2165595766346,-16.090772353328845,31.15225307022409,36.6
2010-05-31,2300,37.00,-102.50,0.0,106.35231860629352,17.545792471787845,1244.4545575618108,-2.379067604789273,8.08804234173629,14.7
2010-06-11,0100,39.75,-103.50,0.0,-5.575857957765621,1.2229592206999538,2155.965159715418,-158.21935898190594,12.27686950688388,0.2
2010-06-13,2200,36.75,-99.75,0.9065564143970031,106.7844290026567,18.345414934633414,2082.4370411031523,-25.102543117274287,20.328349967676314,8.2
2010-06-17,2000,46.00,-95.50,5.7180562664561965,373.2852812635149,45.4178112321723,2297.7290641227924,-9.398089509594264,34.3927994870718,63.4
2010-06-17,2100,48.00,-97.25,1.651169641113909,297.23555435189144,29.34662138594244,1015.805691611153,-74.21583828730785,26.76749105067592,27.2
2010-06-17,2200,43.25,-93.75,9.605324421435576,356.837119996652,30.166394231446432,4037.692780473216,-35.18604814264743,28.398532422923843,29.0
2010-06-22,0000,40.25,-102.75,--,--,--,564.3787605293281,-293.69947490377695,22.076756069756247,18.9
2010-06-22,0200,45.50,-105.50,0.22829652108917983,158.9475186056938,23.45540068297666,1080.3773910610776,-161.74123291146333,15.19511695166145,0.8
2010-07-07,0100,43.50,-98.50,0.6488961747987715,110.25631872366972,16.902561045264,1595.0287308405116,-52.64852910102014,15.284441845163242,2.4
2010-07-14,1800,44.75,-92.50,4.272105600751292,465.0361198062494,33.604927154763885,2533.9125502913244,-118.42704620116076,34.480342202454416,24.3
2010-11-22,2100,42.50,-88.25,0.40337283653854394,210.0779244954621,35.29232167303616,288.01658063833634,-16.26863786060037,35.077465572410546,29.0
2010-12-31,1200,36.00,-94.75,1.4857045621548712,272.8328203309908,40.45779710708516,816.8213928693415,-8.622713070340662,39.894586267248464,33.8
2011-04-10,0300,42.50,-95.75,0.0,304.28919815137897,36.68218293575336,1691.3334604846982,-230.8279289298811,37.11073930936268,47.0
2011-04-11,0100,44.50,-88.75,3.3475715102677697,338.27604139572594,39.68992380627608,1623.7242841350364,-62.206991208599455,38.15857154431222,44.3
2011-04-14,2300,34.50,-96.75,1.3446752586246578,171.9707544315379,26.705727366227162,1317.5615739348884,-31.728704402812127,31.208951809050788,27.4
2011-04-15,1700,32.75,-88.75,3.530591834825858,495.3678600840762,42.69375354875908,1069.0818236249609,-7.633041097701774,47.57659190621152,77.6
2011-04-16,2000,36.00,-79.00,5.051278825723955,558.9480420466806,52.020626989097394,1355.5675427078686,0.0,40.498217662046855,104.3
2011-04-23,0100,38.75,-90.75,1.5303473775165257,219.98091650604897,26.443655314934613,1183.8482668211468,-18.995158800726177,26.093810108111526,34.1
2011-04-27,0100,32.25,-93.50,0.0,86.40758315683075,9.031622347347293,116.32931086836003,-140.19544477238713,38.06093769738705,68.0
2011-04-27,2000,34.75,-87.50,0.18188555286830882,191.45770209943032,19.677608090518568,316.22098144790107,-96.94569321760093,48.23324554864723,212.0
2011-04-27,2200,33.00,-88.25,6.124858425377031,315.5211692231117,47.62147105364327,2911.78169144303,-39.901569797389826,51.00704791492254,130.0
2011-04-27,2300,33.25,-87.00,4.5969409764112665,466.3824011246596,55.77940672850617,1478.4887783048703,-38.86909357979227,50.56864530851066,205.0
2011-04-27,2300,33.50,-87.25,4.28693145963577,435.9172143085336,58.06186469398122,1475.1418339038908,-33.006784327311166,48.42008551820068,157.0
2011-04-28,0300,32.75,-86.00,1.5821369831585286,260.5656837384553,46.2264687071317,910.7897251427457,-42.67976859735154,44.1674298125303,71.0
2011-05-22,0300,38.50,-96.00,0.8435949791269864,308.87338701852684,25.397038145522693,1644.7561223370503,-125.3898404203544,29.638816634336973,16.2
2011-05-24,2300,35.25,-98.00,2.27152028632797,364.16814950170817,43.26979786650687,1157.9405317017302,-78.79768289148967,29.623889032049934,52.8
2011-05-24,2300,35.50,-97.75,1.2234739109635062,234.81120774594802,31.970253691088065,971.7072678953797,-79.3512135959771,35.002726784364945,101.0
2011-05-25,2100,37.00,-90.75,1.298182005896187,320.88899682258744,49.194291475220616,766.6776067553932,-81.27272525621392,43.88678541921386,75.8
2011-06-01,2100,42.25,-72.25,6.623124259651236,345.4080157091851,37.148832070286424,2876.217672331415,-23.893816014992193,32.19777883944738,61.0
2011-07-16,2200,47.25,-100.50,2.155843832767158,118.76572175013112,20.450489019420885,4108.394285069606,-35.67561960067298,15.764944273375695,1.9
2011-07-18,2200,45.25,-103.50,0.0,71.56538181517563,14.929699538581328,2252.4891770267564,-35.43403356842207,6.332298143374078,15.7
2011-11-07,2000,34.00,-98.75,0.6531523547604768,113.20349154165135,18.250208766617256,1581.5308094531313,-10.063841050399883,13.782603390621421,28.0
2012-01-23,1200,32.75,-86.75,1.0081515873634908,342.9456581670923,46.74763521711155,440.9524789226048,-25.113563547626917,38.16084590718211,64.0
2012-03-02,2100,38.50,-85.50,1.7429974864049909,368.7859278297163,49.53170814584808,708.9468529869466,-19.491799811681894,41.99252800719413,73.5
2012-03-02,2200,38.00,-82.75,1.437748881502344,549.5722364991526,56.11602836416821,493.78221025204806,-80.79201901118626,50.68462809122026,137.0
2012-03-03,0300,32.50,-86.75,1.6160835620536336,340.23146483762315,39.822862406364905,712.4929918628701,-14.710511144261341,40.427091509879574,54.4
2012-04-13,2300,34.50,-99.25,1.5565682669487202,336.5628028084246,44.39200952521212,799.8165801447103,-69.89494457489286,28.508615955080167,9.6
2012-04-14,2300,37.75,-98.25,5.709151882665593,403.3089925942184,37.92887228267637,2123.366446384849,-13.367508022952572,37.21739868172143,81.0
2012-04-14,2300,38.00,-98.50,6.96780011009068,449.179689708833,37.97194491520128,2326.8416637250484,-30.973438526768923,37.53297995018308,72.0
2012-12-25,2100,31.00,-89.25,1.3351580830314365,464.21737294051735,48.10688913615213,431.4222692401855,-37.049224167159494,38.593604788231495,97.0
2013-02-11,0000,31.50,-89.00,0.1114564240836926,158.76091120115825,30.360560350164693,107.37181257981293,-52.88608406553027,36.752438954031554,34.6
2013-05-16,1800,32.75,-94.75,0.8819413538848505,167.23398666979276,29.50957108637856,804.201318097406,-32.07233729658963,16.225732993093786,8.0
2013-05-19,0100,38.00,-99.25,0.12738878035577147,250.43121576473354,21.94480001737476,2036.1114006063015,-157.44984836115037,25.99130222199303,11.2
2013-05-20,0100,35.25,-96.75,10.947624419995662,437.4242514162912,36.68510668997727,3754.1212168333614,-48.15328725041408,34.81411463237751,37.0
2013-05-20,2100,31.75,-98.75,1.4297870148561507,102.31290085628207,16.158868701449133,3891.728294665411,-24.142353971901624,12.49030388572702,5.8
2013-05-20,2100,35.25,-97.25,0.6369019823168275,240.51444301249387,40.03940909838027,780.6487846638057,-123.67650142155173,30.01496855317022,22.4
2013-05-27,2300,40.00,-99.00,2.0078015480818747,217.4019999267432,28.522705748880274,1546.9431378830975,-58.71503423093332,7.7515173043347625,9.1
2013-05-29,0100,39.00,-97.50,5.393762994827316,278.6878476773536,28.44273086961296,3096.3430212303956,-51.66035280156548,34.74625091076002,12.8
2013-05-29,0400,43.00,-84.00,0.10012187024810458,165.2259676243408,25.69971988349869,336.8379831656182,-152.74965603626404,29.98120853365146,15.8
2013-05-30,2000,34.00,-93.75,1.4642630526313212,219.05466595991138,26.745083227708207,1124.6960137205476,-44.7458234465542,22.023221497200208,14.4
2013-06-01,0000,35.50,-98.00,4.812799114734362,406.6723480342691,44.49253970138324,2799.5316594043425,-50.44382221344617,22.604953429729644,25.9
2013-10-04,0400,40.50,-97.00,0.0,196.40996932493485,29.256182512437178,879.461610063378,-209.77952263577333,26.630672647707215,25.0
2013-10-05,0100,42.75,-95.75,3.3646832967192397,485.3036626985498,39.51239763487889,1148.252529370319,-64.14496755849298,37.99202678900145,42.6
2013-11-17,1600,39.25,-89.25,4.9719122116992445,586.2140055158825,48.800297449773964,1272.2091671941141,-6.558339335815618,47.66696699341747,74.6
2013-11-17,2000,37.00,-88.75,2.099529350283094,385.11026094021423,48.21799356777845,817.7642469810868,-4.854819479138936,46.786054203397605,68.4
2014-04-28,0100,34.75,-92.50,5.52338952361257,342.1966446847442,40.762426420499224,2421.147142763969,-46.03114700054318,39.924194195237234,65.8
2014-04-28,2200,32.25,-90.00,2.6142980608878172,287.05426145300453,33.97771697753399,1523.5281011250254,-65.49973152339165,34.65443746492052,47.8
2014-04-28,2200,33.00,-89.25,2.457524658583187,438.68597244949814,48.051176584731294,1007.0584543205058,-74.83814962540582,34.95128684430176,53.4
2014-06-16,2000,41.75,-97.50,6.7716041942833245,267.70729156914723,32.413258242796566,4443.17254685425,-16.323483981557203,30.656136364634676,38.5
2014-06-17,2200,45.25,-104.00,1.5070681250346514,180.88891819399967,17.567442207900864,2145.2971078987216,-50.779422974072695,20.000933571121184,16.0
2014-06-18,0500,42.25,-97.00,7.704615240917127,381.76339953955664,22.25008005403262,5165.667668357686,-81.47706469547273,39.786444144001614,13.0
2014-06-18,2200,44.25,-99.25,3.1980143699016423,260.7538470461717,30.915601754245596,2592.3350212373275,-93.5511246431489,35.21309485076358,18.4
2015-04-09,2300,42.00,-88.75,2.237770393427224,332.69723575507675,41.37972987568231,1008.9219955563203,-43.265640198716575,35.7248167202514,48.2
2015-05-06,2200,39.50,-98.25,3.0024720215293015,294.6905275174844,37.12474427704977,1528.2839493464005,-16.186537524191923,24.6709580947494,20.3
2015-05-06,2300,40.00,-97.50,3.0001460832184965,427.43577819632463,33.03059052881221,1052.8410007738657,0.0,34.35102534662244,57.9
2015-05-07,0000,35.50,-97.50,3.6420841478326897,335.3288362898809,30.09648019636555,1629.184737642527,-27.6060575808266,28.565127130707335,16.5
2015-05-09,2100,32.25,-99.00,0.0,39.564109903419904,9.390222671130516,1300.4396586168032,-17.28412354895795,5.720820836658243,6.1
2015-05-10,0000,39.50,-100.50,0.6307051670996036,141.87009029689855,31.328326200618758,666.8479231031314,-15.877821731099985,29.758191855907253,30.1
2015-05-25,0500,37.25,-100.25,0.5133746682512402,504.73250038913824,34.4450214724182,1010.2824839025104,-177.34767105637,33.96661873286362,23.4
2015-05-27,2300,36.00,-100.25,2.38975164119499,209.23190310026112,20.17510368939409,2547.543459917134,-39.91997170057501,16.645275793283783,2.2
2015-06-06,0100,39.50,-102.25,2.1053165229090074,192.01879531734585,21.98253337479699,2244.4422261874884,-26.177922875646452,18.694825711031516,7.2
2015-06-22,0200,45.75,-103.00,1.6024389183065093,215.82058686789424,27.49622315240041,2364.202431986967,-35.02026432636129,16.42019068529087,8.2
2015-06-23,0100,41.75,-89.25,5.481197440197014,248.9300630215431,36.61906592271021,3302.853845975198,-19.226071401190065,27.79432089947866,25.6
2015-06-27,2200,48.25,-97.50,0.3442217058464364,123.52643033253105,17.787531934620866,974.6270234302307,-63.56183612176947,10.939742357623032,8.5
2015-11-16,2200,37.25,-100.75,1.6400527083289418,365.11657035537024,43.62607142090501,708.465997946951,-57.344089851578175,33.86037199685336,26.6
2015-11-16,2200,39.25,-100.50,1.1630606447061107,221.98474403771868,33.41233337630791,785.9057948427,-39.24581116601211,29.21665049552644,29.7
2015-11-16,2300,35.25,-101.00,1.47400656598099,328.8268209328458,30.142967288598317,672.393402307966,-23.911728694289202,26.49572564037395,16.8
2015-11-16,2300,37.25,-100.25,0.9931723819992428,305.5700814637763,32.3256310005729,672.8712379819079,-91.31631434241928,31.19025619971719,24.0
2015-11-17,0100,35.25,-101.25,2.8757136407372577,474.12308745263067,46.956767198054564,1092.0789901989015,-75.03655203047944,40.68476609555491,17.6
2015-11-17,0100,37.00,-100.75,1.8117329646503335,359.0614990002249,36.0132904215608,756.8618341265818,-4.237944360701986,41.25722814651781,82.5
2015-11-17,0200,36.25,-100.00,1.7600514859196577,330.06013332083126,33.90783911396443,799.8776472386711,-19.026262336910605,30.41342262293607,69.3
2015-11-17,0200,36.75,-99.75,3.055969995140614,384.6606467726116,38.80307385426296,1191.6880583369582,-10.00022514230785,36.60770710770408,43.8
2015-12-23,2000,34.25,-90.00,1.0091554132680918,355.7739693696798,54.69335908899439,448.6466054746215,-57.74680910175893,42.60695328692009,99.0
2015-12-23,2000,34.50,-89.75,1.3908228839829162,417.77613989428886,57.45009042481691,499.3665570518843,-49.27922499126284,45.6074588959039,120.2
2015-12-24,0100,35.50,-87.50,2.5455770723606053,288.1332986282769,68.31602317137842,1325.208029311118,-44.30935270842475,50.78312650961985,77.4
2015-12-26,2300,32.75,-96.75,3.0686491227212898,305.90470318962684,37.80216094651404,1504.7083735841106,-11.485382927752173,32.83739999821886,20.8
2016-04-07,0700,31.50,-84.75,0.2624843377686795,182.43975546943238,32.0285028430019,215.81179257773547,-13.724630955167777,32.33433712517023,25.4
2016-04-16,2200,32.50,-100.50,3.325874363022361,158.48204890814344,28.673095027988825,3293.545760564579,-12.962628471628161,15.780297460555595,2.0
2016-04-19,2200,30.50,-102.75,0.2755739073690055,117.09303377659377,21.951042148708975,1312.168823483261,-7.333252857165053,7.2373326330559795,10.5
2016-04-24,2300,39.75,-96.50,1.8886742884644376,250.23282429167384,29.87228754222922,1140.9006673694264,-50.51409396758504,29.844839151779947,19.7
2016-04-28,0200,40.25,-86.25,0.0,24.297958228282102,4.094498935082809,0.0,0.0,24.483342425848807,0.3
2016-04-29,2300,32.25,-95.75,6.367814812194817,470.0399809115225,46.150140966885964,2032.1084601716432,-15.067765907577158,30.97748258099219,41.8
2016-05-07,0200,40.00,-104.50,--,--,--,188.50028125380163,-136.59167083140755,30.821813500229908,14.2
2016-05-09,0000,39.00,-99.50,2.276125770057822,296.2979812278828,27.426139727933258,1284.359337234122,-52.795832826775005,23.58749490088232,14.2
2016-05-09,2200,34.50,-97.25,0.0,94.81229096901463,18.19495179518415,302.3101385035874,-90.04284508755387,23.132686255594127,14.2
2016-05-09,2200,34.75,-97.00,1.0345602651268775,213.84941058351728,31.622416682231552,944.9101219943749,-78.56202402577102,23.67885121382531,14.3
2016-05-10,2000,36.75,-88.75,2.1962677021792016,285.70201807798196,36.128656602875935,1153.0900535569895,-18.28259767614253,31.900015180040572,30.6
2016-05-12,0200,38.00,-90.25,0.0,100.44984616583521,14.341696110703365,574.8277765802997,-216.007448172855,20.597656938638433,7.1
2016-05-17,0200,35.75,-100.75,1.9709367681147336,211.14557298513841,25.404427131078226,1653.460479454647,-21.096628252882066,20.54811632535235,15.2
2016-05-17,1900,32.00,-81.00,0.38296691299198693,113.65100182141896,14.795368301727173,1024.8840136118472,-2.2380555020146695,15.32445515038545,1.2
2016-05-22,2300,34.50,-100.75,1.6056929191054528,197.79029246646698,21.608629928853038,2281.0822551801325,-52.77545043660871,21.311285201884385,10.6
2016-05-23,0100,32.25,-101.50,2.703856143956983,345.7148210920136,28.20548182213119,2100.265548508594,-97.81269680627403,21.46875964498579,6.5
2016-05-25,0000,37.75,-99.50,6.279113738200795,333.8894004986313,27.29563551807446,3100.3806727224624,-44.67726582842516,22.398061916772708,25.0
2016-06-23,0200,41.00,-89.00,2.3465972578102794,356.4784767478792,41.08955406928822,1460.5077435958062,-98.58927218859539,27.59774468580842,17.8
2016-11-30,0200,34.75,-86.25,1.0892662691410504,335.723059058429,35.313699752056294,488.47047889439216,-50.54960069444819,30.823436930941913,31.8
2017-01-22,2100,32.25,-83.75,3.050709282331725,664.4138293749984,58.16485785146005,688.737007145412,-2.755873482626798,31.475798522449164,112.6
2017-04-02,2200,31.50,-92.25,0.06906150502872563,140.12087764642243,33.27410695200596,73.93063709213311,-47.63313296717022,38.054234696205604,22.1
2017-05-16,2300,35.25,-99.50,3.1858830334566473,440.5455310552977,45.31891775321164,1805.8138615787652,-109.89506810853463,28.50878153238812,28.8
2017-05-17,0000,37.75,-99.25,1.8441040491853524,202.83988918112124,28.392132296424414,1440.9422005281951,-35.39766169188734,34.10239850410882,43.0
2017-06-28,2100,40.75,-94.75,1.0122483940224496,290.837952595798,38.18438134273491,876.4997156231175,-110.65571938678373,30.380384322649743,28.5
2017-11-05,1700,40.25,-85.50,2.5031761090109863,305.4797905110593,33.10619958172909,1229.1366827359877,-5.340243955978173,35.40888643948923,62.0
2018-03-20,0300,33.75,-85.75,3.187908370128429,484.113096380287,50.3162745897307,987.7573217801013,-24.476782916483696,38.35416728344614,56.3
2018-06-29,0400,45.50,-103.50,10.12188619463082,387.41420696242096,39.57963003350051,5045.706319732234,-83.49449247943387,28.79665358097474,16.0
2018-07-19,2200,41.50,-93.00,1.8003116792323552,149.39221947037242,27.900429541636292,1943.664683992958,-30.259679175428055,24.160937483130656,14.8
2018-12-01,2200,39.75,-89.25,0.559450362647423,281.1257677215665,27.091173561049697,330.5564230810997,-37.7538168198602,27.036682527106887,20.1
2019-05-18,0300,37.75,-99.50,5.333219626705097,334.29999204446284,30.70404337646486,3078.6158153898896,-80.0503926888216,34.76994331798695,47.4
2020-04-12,2100,31.75,-89.75,4.722265906518854,501.634714050302,55.4212213410574,1412.0631330685749,-5.197918690511325,42.366114991503416,134.0
2020-04-23,0000,31.00,-93.75,9.485136406906111,613.5748184276089,46.44912095054961,2318.8214677421265,-3.359089532717881,36.00176175958419,58.2
2020-05-23,1700,41.75,-90.25,0.6112940770934264,165.09328888369163,25.18261848413943,661.6562151372449,-25.67697469403212,14.530767008580469,11.2
2021-03-12,2300,33.75,-101.50,0.09053852150539739,102.01625415861902,22.319566145330807,322.81940748581354,-48.20016025249902,7.195033139522342,2.2
2021-03-13,2300,35.00,-101.00,1.2795910744671013,444.7352603905709,40.79404822279737,448.0529232566362,-42.13468560437489,31.80349068512722,34.2
2021-03-16,2300,31.75,-90.50,0.14076925949894514,50.19909298826821,14.47625499038716,940.5193978334495,-60.975370240069246,14.445797837942365,2.2
2021-03-17,2100,32.25,-87.50,3.449736721256806,347.58428925756755,36.6035203579622,1488.7338817695277,-0.19013784634417416,34.23815885225713,58.6
2021-03-24,2200,31.50,-98.75,1.3845624769318956,171.14963812429076,28.695189935530387,1268.6446211127338,-44.80254603350249,15.17777413249349,1.5
2021-03-25,2200,33.25,-86.25,4.662355658306984,287.8368725370586,44.36239895183556,2429.6864490702346,-10.770440492474993,42.79985373431603,128.0
2021-03-26,0200,34.00,-84.75,2.845253784853718,450.6158571780916,45.933302233179816,947.121724478913,-20.013390011125793,41.11575253431715,62.0
2021-04-27,2100,33.75,-100.00,0.0,118.97051830663173,22.75660898285015,658.3958304187571,-22.57080442765677,14.684370176929367,13.5
2021-05-02,2300,32.75,-90.00,1.346341494497525,256.78401649823496,30.64860463264993,786.4633746626394,-8.823592608400652,29.21878617855945,48.2
2021-05-09,2100,35.50,-89.75,0.6740519861189599,107.91119809821375,25.262107299645738,1112.6788081510845,-23.5824888943513,18.72959690796547,7.7
2021-05-15,0000,45.25,-96.25,0.0,20.549138509478695,7.368028199731259,187.8979720932247,-42.43030668586312,11.147586921541782,0.5
2021-05-18,0000,32.00,-101.25,4.287274572886454,259.361261823541,29.300810102871743,2592.170118216277,-53.094913595477806,26.533782723605423,18.3
2021-05-24,2100,39.50,-101.00,0.0,66.21885260963882,9.447901414775245,1537.1388190632092,-20.838938717801195,11.821826654716258,9.5
2021-05-26,2300,40.25,-101.50,1.004953121550764,192.61511310199447,21.943538400830406,1115.2207230310646,-40.23198464979827,21.613382365149814,13.3
2021-05-30,0000,37.25,-103.25,1.0202120542838609,306.9297837890865,30.808794816593675,950.3472674249582,-37.73217332150386,15.744085430786098,8.0
2021-05-31,0000,36.25,-102.00,0.0,9.063278424621814,2.4885963466490297,116.3175876729485,-129.5166718016086,16.54171105082603,7.4
2021-06-03,2100,39.50,-76.75,0.3805163835987009,116.38266282145003,15.920173138227659,924.1655987093978,-9.41623538130337,10.922193827640683,3.5
2021-06-08,2200,38.50,-87.25,0.09419672092297857,94.78266244179231,15.754177152937197,283.87272716574415,-33.204658111703,18.01924509389245,4.0
2021-06-12,2200,35.75,-105.25,0.1249637887333983,117.17065323122,19.94332482693109,1430.529773969276,-67.29844484172656,7.712829565956531,7.5
2021-07-11,0100,36.75,-90.00,2.3514809970696278,214.22198750085116,23.09834088184182,2138.499517671415,-43.0179744940788,27.101227156595037,9.3
2021-07-14,2300,42.50,-92.50,1.5837711491008384,241.30798092505046,28.530007743046017,1465.9211059786394,-34.20557271407494,24.897199604910668,20.7
2021-07-18,2200,42.00,-72.25,0.3749066365849203,113.6547801628416,15.438040764996078,961.5143107928805,-7.990933771055771,15.421426006386229,3.1
2021-07-26,2100,47.75,-95.00,0.0,207.27128626703734,25.736743731068074,1838.2645307575908,-60.83229280179666,5.732139498743019,13.7
2021-08-07,2200,43.75,-90.75,1.188203398147471,203.3146129883533,25.718266300617326,1151.046159429946,-31.974707875385498,25.568736950982167,15.1
2021-08-11,1900,43.75,-90.50,1.7257141147414745,96.54133762355794,25.87180890517186,3142.215054701121,-9.474022778677522,16.319847544203245,9.5
2021-08-17,1900,33.75,-81.50,1.2467245246194658,189.22428587582215,27.8194105761161,1065.7570578864156,-30.720699402536447,21.465318021504892,15.0
2021-08-17,2000,33.75,-81.50,1.4284023939501718,176.09837568642683,27.44025395396029,1330.2081571444812,-14.320264803701079,21.687108963202313,23.0
2021-08-18,2200,40.50,-77.25,0.29810032017884514,144.9779753853793,20.860809815181312,443.5491609348389,-22.69787533100411,21.131570561336993,8.9
2021-08-21,2300,34.75,-88.00,1.0401947920758836,60.132381859616515,19.75760157683032,3939.8941918251285,-3.4074278411199743,21.072894289029193,5.6
2021-09-01,2200,39.50,-75.25,0.0,0.8585358577510558,4.436152507873384,2.3074795413692635,-169.50466031963825,29.974395541339778,19.8
2021-10-07,0000,36.00,-84.75,0.0,14.41556977754199,2.584336024142025,0.0,0.0,16.29938294202579,1.6
2021-10-27,1400,29.75,-93.75,0.6777674972225108,183.23738878725192,27.00439925114901,616.3744632908544,-40.17902440334126,15.552060037083882,11.1
2021-12-11,0100,38.50,-91.25,3.17116202094777,442.0668002003955,50.051582954544735,1076.0235849571493,-28.102653536541034,44.563192674620105,39.9
2021-12-11,0200,36.00,-89.75,4.731803460424009,529.266969561203,53.763968768366645,1341.0444253720343,-47.16990034817565,44.708688827027835,130.6
2021-12-11,0200,39.50,-89.25,2.780208398761317,501.29840015926084,46.671682487668804,831.9022356379115,-36.40210593979181,43.321501876048686,66.9
2021-12-11,0400,36.75,-88.75,4.250656201252342,696.1670521891053,64.31952089188687,915.8698737363621,-29.995606982799174,52.353456310884646,266.5
2021-12-11,0600,36.50,-87.50,5.794694711642904,603.4568240106814,57.5676227251597,1440.3751389694291,-1.3154706868560517,52.52683542634438,197.8
2021-12-15,2100,42.00,-96.75,0.8798482031377214,228.13870545749973,40.38614435012206,578.4955700787231,-26.57614121380936,40.97324337277733,17.9
2021-12-15,2300,43.00,-93.00,0.0,208.62222102207494,32.4400086322537,648.218402727208,-215.08076127834934,39.66393508513673,35.5
2021-12-30,2000,32.75,-83.00,2.0922012826026024,190.10246891564452,30.05144010198138,1650.8475359657134,-3.441524927635203,29.32885563557398,19.1
2022-01-01,2300,35.00,-86.50,0.4623085531639103,292.3988149221065,44.26749921306335,237.16335168136717,-31.374072747364732,33.75458824588785,26.8
2022-03-06,2200,35.25,-93.50,1.0678726008267279,241.02382756627642,32.29230785641828,664.5852891036792,-25.72763618337409,32.321319698183615,25.1
2022-03-09,1400,32.25,-84.25,1.2364885495756572,186.0450305180126,29.35241341382434,1018.9214926287335,-2.359122840048656,28.27628283429516,14.7
2022-03-15,0000,32.75,-96.50,0.2667595305850352,73.46787062410445,23.70090670206028,689.3980411319759,-15.353341921342508,17.33025781312947,5.3
2022-03-18,2300,38.50,-86.25,0.44022420785325095,151.9923775442465,25.274403004758195,515.6840747295489,-9.026136259412974,18.518059287706574,8.9
2022-03-21,2000,33.00,-97.75,0.6327913923912794,399.9185243162243,48.92434677965584,242.9419721987029,-53.45567422672008,46.881391714503515,55.2
2022-03-24,0100,34.75,-83.00,1.707856856125524,222.72901104710164,30.637498761329947,1150.1803344542898,-9.497813711314116,31.522349801455245,10.1
2022-04-05,2200,32.25,-81.00,3.1778616007745057,336.7750795317466,45.376957092028015,1415.4231387279387,-32.308775941456005,31.93821149539931,55.5
2022-04-12,0100,34.75,-92.25,0.0,36.30268793935841,4.286534150666396,692.0874146422718,-196.3843120119539,23.716121246859117,12.6
2022-05-01,2300,31.00,-102.75,0.5572345599063737,179.70570335120604,20.09051653786958,1589.1363292560627,-70.7570123630175,11.461817239176824,7.3
2022-05-05,0400,34.25,-99.00,1.2585484570723788,412.47415092224423,27.82417293301032,1680.3650170269216,-151.5686623615144,34.28348330514561,37.2
2022-05-07,0000,36.25,-80.00,1.7756564408832147,259.7213611245262,39.483711535837564,1025.5162108317252,-13.39339166965591,27.135869810765627,12.7
2022-05-20,2000,45.00,-84.75,2.3017149259993364,223.4299889332702,45.83525351123937,1545.2591684235156,-13.201401902272467,33.28509859279483,28.2
2022-05-26,2300,35.25,-81.25,0.4713206860432116,193.49158385625495,32.56620327351106,365.3807648760755,-32.279926350557865,26.82487788669665,9.6
2022-06-01,0400,34.25,-98.75,1.7815300684350113,194.48698070406215,32.251490493603,1472.86850443571,-60.06667127441007,23.762429471355205,7.6
2022-06-10,0500,39.25,-100.00,0.0,331.5320760522287,49.12361547702929,1425.7493469775754,-203.16869926430033,14.491374993485927,2.2
2022-06-11,2200,40.00,-96.75,0.0,1.969617262860524,3.398726832109013,2888.568149487974,-191.80094786100784,21.911810109082047,18.1
2022-06-13,0300,44.00,-101.00,5.01358348180923,656.2362959734993,52.120494905652386,2146.3256104189577,-109.93417428506248,25.642512336518617,6.3
2022-06-15,2100,43.50,-90.50,3.25170214562034,196.4428886965461,37.29150877009575,2576.624031095752,-25.707035432042066,32.87797868303785,36.8
2022-07-12,0100,43.00,-84.75,1.2155573319413442,137.73679006887278,23.06399968762348,1721.8819754561646,-12.280060900918464,21.96613668312179,12.0
2022-07-17,2100,39.25,-83.00,0.34946420482339446,118.80619519338399,25.88086644449586,511.44308677574924,-18.74620871260823,22.839572932115853,9.6
2022-08-01,0200,43.75,-93.50,0.408473019911672,81.6864947938092,18.141621630574434,1456.6393247716483,-20.45002444910947,21.971408116466357,0.7
2022-08-01,1600,43.25,-84.00,0.5582574517328931,119.84728152731446,24.247723286547426,869.0792228360253,-3.354388882128825,13.237730993843067,3.8
2022-08-20,1800,41.00,-91.00,0.0,43.377742664893276,10.221244897267578,1502.4860293133338,-3.7437468484532874,10.206642873522936,4.6
2022-09-20,0100,42.50,-77.50,0.22049025197846164,62.63448278313211,22.211952526683767,713.1841380672678,-2.969961392089897,22.169529231990726,3.0
2022-09-26,0000,42.00,-74.75,0.06372255973747587,122.53293551882273,19.46704203791808,120.21341153009016,-14.17760396840349,27.619449157462086,3.7
2022-09-27,2200,25.75,-80.25,1.2566744069109992,187.7421640408191,25.379878881470766,1186.8174398360932,-12.589267331891172,21.395630349675912,11.2
2022-09-27,2300,25.75,-80.25,1.3759206880353057,160.20998257296574,24.30787852374965,1589.898076478087,-15.630150113610052,21.080588429349415,12.0
2022-09-28,1800,28.25,-80.75,1.1154814997485705,176.60145197272143,26.4424829076638,1074.9255442509373,-4.93561826484398,21.588203986832205,4.8
2022-10-29,2200,30.50,-88.00,0.5310667911878014,206.60754977801977,23.644646350412334,489.19571986974114,-10.747972189560851,16.83132064279234,7.9
2022-11-04,2100,33.75,-95.50,2.471837000228063,393.09216424865156,43.02963112743467,943.2280359566628,-13.039987497699707,41.10198797676016,72.0
2022-11-04,2300,33.50,-94.75,1.4351769338501772,523.222049507613,48.30006921054085,442.67251318110203,-60.58183252445914,41.37714628025907,96.9
2022-11-30,0900,31.50,-88.25,0.9899206590805976,235.41213614550935,41.969045430989674,630.7580454149078,-23.228819948699822,41.57965229994591,32.2
2022-12-14,1700,32.00,-89.25,0.0,0,0.0,176.35406202716683,-34.98261452944121,38.603135878881865,40.7
2023-01-03,2100,32.00,-85.50,0.7573024776012137,240.66571838948147,34.415161516041266,472.0047890507817,-14.875375345843754,33.25348458316664,14.6
2023-03-25,0100,33.25,-91.00,1.154840773719734,431.55943592040137,52.43188354262517,462.745143936914,-69.88656559816138,44.72384329484236,95.6
2023-03-27,0900,32.50,-86.00,2.5721959994442294,268.06188299001997,37.39149007298661,1439.329589171762,-1.3612714295143054,32.839954095669924,34.9
2023-03-31,2000,34.75,-92.00,3.611468542821881,477.62222542047294,51.75720791633255,1134.2024147774546,-8.92155930871012,44.07093006837918,55.0
2023-03-31,2000,41.25,-92.25,0.7884903213850756,130.91819699905273,23.08929171133748,1173.8112142013529,-14.647107991004425,22.215207809406078,31.8
2023-03-31,2100,35.50,-89.50,1.2074919761077718,417.68111347286936,49.28270128189314,433.641336832748,-15.85395471751307,38.25416234930581,117.0
2023-03-31,2300,35.75,-89.25,1.0815007957519012,530.562755634135,56.02757625327685,687.2711167181775,-122.69784217418137,46.659741676120554,63.6
2023-04-01,0200,38.75,-88.00,1.1263529117887314,391.92514757904604,58.68201208876234,431.084705362608,-47.5026056895605,51.1341236631942,65.4
2023-04-01,0200,39.00,-88.00,1.189097136007195,375.5053940850962,56.54025381415432,474.9986903268257,-38.80838835639808,50.173497278239566,66.0
2023-04-01,0300,35.25,-88.50,7.5967031121400055,540.6210885029334,53.27682342789362,2107.7710267952634,-1.881183761702942,47.60979812424437,138.2
2023-04-01,0400,39.25,-86.75,0.5354892123390829,160.7489957851843,49.40508220253271,499.68201330602386,-1.5749434908576205,43.81050376355867,9.4
2023-04-01,2300,38.75,-75.75,2.530901798882644,375.98329367847265,41.41404848160142,1187.3984769212436,-31.20605495222539,38.953962614494195,22.9
2023-04-05,0200,40.50,-90.00,0.0029437033724422166,312.9342932232284,33.71756752618449,1414.2112871395075,-199.78846564010286,43.11398630149442,33.4
2023-04-20,0200,35.00,-97.00,7.304951757951966,426.7923466235796,32.7132571977678,2893.7070315173623,-66.91512905582323,35.851149577215295,24.8
2023-05-12,0100,35.25,-97.50,5.524544560857195,314.32198604520454,29.67869360596646,2664.9523891022827,-18.378127035656952,29.475465929395785,15.1
2023-05-12,2000,41.75,-98.50,1.6908985343435479,181.52155797252223,25.150722528704705,1666.6767808562142,-6.783555763868527,22.46781033986797,22.1
2023-06-01,2000,45.50,-97.00,0.0,-19.280445702756627,8.39349355258754,374.92014041229186,-68.00712526735826,7.341797979943742,0.0
2023-06-11,2200,36.25,-85.00,2.0237413304338436,237.29947090086978,32.63578780245567,1279.2325175132275,-34.068428175708625,26.195256160221255,18.0
2023-06-14,2000,31.25,-84.50,2.7052321130865535,209.21382354837996,26.91401049818469,2161.9629836873582,-36.112674645751575,26.286780221940713,30.8
2023-06-19,0000,33.50,-92.25,4.521000593802974,177.9983850966845,30.66190189114248,3809.8665260479243,-27.731175888939216,25.2365733007013,16.6
2023-06-22,0100,40.00,-103.50,0.5365151413925077,270.4927741732406,24.9252533507583,506.10727576471083,-93.8676145274885,16.777591858490847,8.0
2023-06-23,2300,37.50,-102.25,0.031061031935669312,275.9155978213792,31.020393425319607,971.0570000915327,-196.73244662864732,33.11523922949156,21.1
2023-06-25,1900,39.25,-86.75,1.685129987225206,253.5501522743906,28.749343664197365,1899.9514068330695,-86.58372165775756,25.135369881401658,14.7
2023-06-27,0100,41.25,-104.25,0.0,103.6265000416275,12.154143913848012,333.53247886437833,-151.78208131671144,11.557091500079464,6.4
2023-06-29,0300,40.50,-102.75,0.3849620478377375,188.91213043913064,16.552822081117576,1326.2664784150397,-114.83684428511864,16.5282853143108,10.9
2023-07-02,1900,40.50,-77.50,0.9322816595740494,173.55885139013742,27.221403751522182,887.978335005477,-14.904510157636327,23.90487893257574,3.9
2023-07-13,0000,41.75,-88.00,1.876331701783701,227.85280975373007,33.74757755723188,1235.2261776879304,-8.570674538963724,24.43582956927759,17.7
2023-08-04,2200,39.25,-93.75,0.6735872955966012,96.91907780468529,15.977692086587748,1957.4157598444754,-18.279373015465875,14.443838235285922,7.3
2023-10-12,2100,40.25,-98.75,0.40527308669692347,170.24586048111712,30.71130915217163,431.0812123732937,-48.78348198568206,22.49222662475487,10.1
2024-01-15,2100,27.25,-80.25,0.38816811901139786,110.55818066462308,14.130905123289148,1118.0764833208007,-13.588440424409352,15.547539946749842,13.2
2024-01-27,2300,34.00,-81.75,0.2937112630080628,149.90302920883065,29.2478658700303,301.45918669763455,-16.987117857604254,26.650809001503216,2.6
2024-02-02,2200,33.00,-100.00,0.10120302864510587,120.46192240957319,17.893401159283577,1781.5075834987738,-0.7710308211098724,14.995353596036605,3.7
2024-02-09,0000,42.50,-89.25,0.16570278910385475,212.24855213211723,34.41821371224124,185.25647137754046,-105.18125286407712,41.78609820994888,41.7
2024-02-09,2100,34.50,-93.25,0.0683329018312546,75.82720881113949,14.085975964985758,288.0523725999112,-15.624757758847897,11.544260333846545,4.0
2024-03-01,2200,37.00,-120.25,--,--,--,14.925077586540521,-186.76073845031544,13.881929531067843,0.7
2024-03-14,1800,38.75,-85.50,1.7892766294150309,248.8458760810955,33.40870969970941,1078.5450763298543,-33.8887967756033,29.34514107965166,28.9
2024-03-15,0000,40.25,-84.00,1.98339156583754,291.4993402853835,33.7010766040716,1020.6154654908112,-19.147057173150728,33.064858413583345,51.0
2024-04-02,0000,36.00,-97.25,2.4210427054917822,357.6888168135667,50.99370301055342,1015.2858818984279,-39.2935811782496,27.48732848024721,11.0
2024-04-03,2200,37.75,-76.50,0.0,-2.3323212991858284,9.393379907823888,63.32367319304429,-104.41781135697705,22.88215624040901,9.3
2024-04-08,0000,38.50,-89.25,0.5180627433934121,145.14682701571508,23.098851792892667,695.3395562328866,-38.72883218624954,22.22478982056644,2.0
2024-04-16,2100,40.75,-91.25,3.0733076385708227,386.3381415639023,44.10409813751869,1193.245233099441,-23.54876991149481,43.9386048142609,67.1
2024-04-26,1700,41.50,-98.25,1.5309966677158446,216.41895830353076,27.486750161306812,1158.1586680671523,-8.272238729387025,26.55603599872021,13.9
2024-04-26,2200,41.50,-95.50,3.230189068800581,398.7095454647055,46.441776648443174,1215.2414353545455,-1.0852919883375103,33.58535202143188,65.4
2024-05-01,0300,34.25,-98.75,0.8846530464282081,237.29792713435242,16.535903404456867,2351.9178052608545,-119.11493950850607,22.0020225074566,10.3
2024-05-01,2300,34.25,-101.00,2.9438153828094684,180.14619698098537,20.952813746813156,3509.5839344640735,0.0,13.772276316753144,2.9
2024-05-07,0200,36.25,-96.25,5.9858494150617965,397.0757835874452,41.92534399111501,2261.2243037015533,-13.820002743574324,37.90739305453154,65.7
2024-05-07,2000,42.25,-85.50,0.0,95.77921638669841,11.38154871263158,174.9653127867227,-65.987776870417,27.208450409631194,17.6
2024-05-08,0500,34.25,-93.25,4.899399661571945,273.4946887593943,30.96283522144659,2687.108669530052,-35.96984018897493,22.89330821571963,19.6
2024-05-08,2200,35.50,-87.00,5.31089882045479,232.23224924467618,37.15289637038327,3430.3367670047273,-19.529126467870004,25.611957192759302,18.6
2024-05-09,0500,34.50,-86.00,1.1947895019601107,352.2171591851444,30.14468436945964,892.4665970185334,-114.47926283018398,36.42724680199915,19.9
2024-05-11,2300,40.25,-79.50,0.008998568950973625,70.24555929237856,12.605115779680466,45.73200568048957,-8.912541044282715,22.064393838727376,9.4
2024-05-15,0000,34.25,-78.75,0.8317032808697137,214.74323051595647,24.483275970393816,711.8556204973631,-21.696336277621853,24.802354904428153,9.8
2024-05-19,2000,40.50,-103.00,0.0,35.94202911684421,7.449955453036019,1472.331659316714,-32.875075428504466,3.7775614764438035,2.5
2024-05-20,0000,35.50,-99.50,2.2218404264496745,314.39974650229607,35.173035364002835,2863.9454498342816,-57.192015554578546,23.550466659293583,10.8
2024-05-20,0200,35.75,-97.75,1.609136952598481,358.4086993993289,40.37565128280478,2542.8599066694806,-140.60718751206525,26.745051593426084,5.6
2024-05-20,2300,44.00,-93.00,0.2547738968990642,68.23434091112566,14.842331026498446,1530.0192730071306,-42.13751289006609,8.339744094779777,2.2
2024-05-22,2200,31.50,-98.50,4.2726635528781065,131.43014289962565,35.97803404124579,4876.351183922676,-22.53928748337943,19.57576888175462,4.5
2024-05-22,2300,31.00,-97.50,5.318283051678626,171.9609507945527,28.534680146287794,4877.318479078414,-12.630424900789576,9.097040856714033,4.5
2024-05-23,2200,31.25,-97.00,5.432439627961863,227.73917981280508,20.31407928486684,5284.118239431639,-1.618485160714795,22.094835513592756,29.8
2024-05-26,0400,33.75,-98.00,13.479736509907134,901.5291410080456,45.635805904063496,3914.9171167341,-114.06668220021581,46.92619114966054,76.1
2024-05-26,0400,36.00,-96.00,3.444833436500138,438.05140169993325,37.07246229482148,2860.222479078035,-138.13772943517853,37.684604682135785,38.5
2024-05-26,0500,36.50,-94.50,2.9875414183304425,373.07645081345015,32.967101614883646,2623.3309260391056,-131.31758815787168,35.130521340600474,12.7
2024-05-26,0800,36.00,-92.75,9.746293271067676,396.41266930292227,35.37555542782651,3687.9345789601743,-3.275023361639591,37.96232766179467,55.7
2024-05-27,0200,37.00,-87.75,2.831865959207209,412.5323336109186,33.967444799940665,1431.1587279476475,-92.07814186265229,34.355155375221884,54.9
2024-05-27,0200,37.25,-87.00,1.6291605858882745,484.4163373496265,44.85977635105833,969.0272731417587,-121.91068184405111,43.13187507089755,64.4
2024-06-12,2300,47.00,-93.75,0.5473478455995915,144.65637728703587,30.20712169259628,1299.458588952105,-52.90039403976622,28.837519581820874,19.6
2024-06-20,2100,42.00,-104.00,0.0,101.11397559470615,15.908973910869785,1209.8159864699865,-52.912048102669615,4.13656289799298,2.3
