,time,lat,lon,flen_100m,fdur_100m,h,t,beta,c,omegasc,alpha
0,1979-04-10 23:00:00,34.0,-98.5,88.22,90.97,9578.451620259482,319.9842679261583,17.057987673383256,16.16261980122802,0.02665441614354564,0.29631184363652785
1,1979-04-11 00:00:00,33.75,-97.75,91.99,84.89,12562.196097360267,309.1753096727045,16.473769142235422,18.061915369598818,0.026641469462219815,0.5697114850476934
2,1980-06-04 01:00:00,41.0,-98.5,27.67,40.46,4476.099595983809,297.66358973227983,8.155636844660574,11.396584205564157,0.013699419623333502,1.254188915451898
3,1981-05-22 03:00:00,35.25,-98.25,26.48,38.29,5237.417401578056,309.07276085521295,7.4337641512746435,11.525226832208176,0.012025912815327385,0.7336517156946376
4,1981-05-23 02:00:00,35.5,-98.5,17.86,32.04,4810.354492476677,293.59248686052536,6.547525623785487,9.289308349469785,0.011150703639933347,0.6531375811767562
5,1982-03-19 06:00:00,36.25,-101.25,162.48,131.81,14948.7523880483,453.3698371461042,17.444168152790617,20.544924652030716,0.01923834221372011,0.7138564084067072
6,1982-04-02 21:00:00,34.0,-95.25,101.03,74.01,11756.070398191365,284.4281621987245,15.611432885858948,22.753172188309094,0.027443542800363662,0.488805284284525
7,1982-04-02 23:00:00,33.0,-95.5,93.6,65.82,11302.1435597238,312.2242871276663,12.648631674788488,23.70218840673416,0.02025568188681067,0.40124834214394833
8,1984-03-28 23:00:00,34.5,-79.5,98.85,79.69,14120.715767725824,346.6379630728339,13.792847873858449,20.67559825417924,0.019895177884714784,0.5948985570516525
9,1984-03-28 23:00:00,34.75,-77.75,73.91,66.72,15370.931768220018,292.54818609769086,13.684083147252935,18.46369940651349,0.023387742255020164,0.6151777367775318
10,1984-06-08 03:00:00,40.75,-93.25,157.33,121.53,14750.667043232961,421.59093156410927,17.295361774817398,21.577560560842233,0.02051201826217101,0.6109691423163155
11,1985-05-11 00:00:00,39.0,-97.75,72.76,78.27,8512.85503264013,384.4501167634114,12.215208548414136,15.492652849862052,0.015886597526944324,0.810827518920243
12,1985-06-01 01:00:00,40.75,-78.75,106.79,94.79,10390.729911965247,309.08496001000134,18.40102941173224,18.77712582353154,0.029766944032373528,0.425863384195274
13,1986-03-10 20:00:00,39.25,-87.0,52.58,42.98,6536.30092492052,217.84756235537657,11.836845159038845,20.39017337220146,0.027167724603062805,0.14350804060817823
14,1987-11-16 03:00:00,32.25,-93.75,69.97,87.62,11043.477825927976,306.88252103245503,17.13166522058862,13.308851150703417,0.027912416065522385,0.6226018120276768
15,1989-07-10 17:00:00,42.5,-73.75,97.47,92.82,11122.11959940667,374.0171546970988,14.890860104204224,17.501577706380473,0.01990665390236408,0.6439998572774224
17,1989-11-15 22:00:00,34.75,-86.75,23.33,19.06,3870.4983383122317,163.33369122344448,7.000796797206068,20.39888598959515,0.02143096364493718,0.07615441649911214
16,1989-11-15 22:00:00,34.75,-86.25,41.69,35.0,5223.531012348979,213.4105191282105,9.839837478265691,19.85271006978996,0.02305377803882811,0.1885097525431642
18,1990-06-03 02:00:00,38.75,-86.25,68.67,59.17,8256.218698615932,290.1242305716949,12.235997314497983,19.344561017004402,0.021087513597858983,0.31833966379469003
19,1990-06-03 03:00:00,38.75,-85.75,68.12,63.69,8234.450636006351,304.9449462114634,12.532077191043633,17.824719050905347,0.02054809785624926,0.3609311898381867
20,1991-04-26 23:00:00,39.0,-96.25,65.16,73.37,10383.872234152286,361.6087055957228,12.174698057231758,14.800729281498223,0.016834077649174498,0.6013736608997967
21,1992-06-16 04:00:00,38.5,-97.0,25.01,45.19,5040.888970860083,281.0872374801686,9.646351972798804,9.22532190600341,0.017159000279191577,0.9612707789426954
22,1992-06-16 21:00:00,43.5,-95.25,22.86,30.73,6910.678313221674,242.65901953600405,7.597877393213218,12.401176081952327,0.015655460505324216,1.0929201188735238
23,1992-11-21 21:00:00,30.5,-95.25,50.38,46.52,10538.413264420784,245.45859220762227,11.371477414907918,18.049709069300707,0.02316373876472269,0.6228665475070658
24,1992-11-22 05:00:00,31.75,-91.25,68.14,73.83,10391.884882232553,278.2811935333405,15.918996288324776,15.381023247310047,0.028602357360555056,0.41953351788443305
25,1992-11-22 06:00:00,32.0,-89.25,69.44,78.57,9241.59325085112,300.1742293740098,15.705025992466897,14.730724649435937,0.026159850606127175,0.5783072576207995
26,1992-11-22 09:00:00,33.25,-89.5,209.82,184.62,13864.792677911273,407.7796397028535,27.165051625247862,18.941173760436392,0.03330849431943545,0.46114587827181075
27,1994-04-26 19:00:00,34.75,-94.75,13.9,21.85,4800.785177985004,220.01122058582553,5.957934975993535,10.607482807231639,0.013540070729413928,0.4842726354153788
28,1995-06-09 02:00:00,35.25,-99.5,48.07,68.38,7572.5042061433405,299.20841643950695,13.711608424727826,11.716323805274117,0.02291313958994198,0.6408021579734522
29,1996-04-20 01:00:00,40.0,-89.25,17.58,15.6,6730.691248666262,185.50182307595455,5.044250999862068,18.786306784838363,0.013596230258601492,0.29054887501165216
30,1996-10-26 21:00:00,44.75,-96.0,19.14,18.48,10423.863300680605,197.9138104164628,5.602204778584402,17.263916983091388,0.014153142640212644,0.32313182763471093
31,1997-01-24 23:00:00,35.5,-86.25,22.66,25.99,4458.025462325921,186.79831753321824,8.349369686892448,14.528091724761051,0.022348621221943515,0.07076556991429328
32,1997-03-01 09:00:00,34.25,-88.75,45.97,54.61,8708.290645885405,248.6480963782336,13.178612937720956,14.02778712762725,0.026500530528241355,0.4157209795121335
33,1997-03-02 00:00:00,35.75,-89.75,65.26,62.08,11190.313654923311,267.94066881714764,13.901740972793892,17.519822985427698,0.02594182703612071,0.41443911647438325
34,1997-05-12 19:00:00,25.75,-80.25,3.3,8.98,1291.7578338924384,215.00707275267283,2.5047361828686805,6.1211087911021105,0.005824776252244342,0.3239789786601069
35,1997-05-27 21:00:00,30.75,-97.5,6.46,24.65,945.1152226812278,634.8302188391334,2.330103544598916,4.364789939558879,0.0018352178861773486,1.071666655634285
36,1998-02-23 05:00:00,28.5,-81.0,63.72,56.66,12164.817460001266,262.8622944798259,12.933756840133803,18.74211463016885,0.02460177269951975,0.43215644317008867
37,1998-03-29 23:00:00,44.0,-93.75,132.05,114.2,12210.116635160584,422.94503488813007,16.20056133561055,19.27236617722185,0.019152088332111093,0.5057854557427669
38,1998-04-16 22:00:00,35.25,-87.25,27.68,34.78,7447.96246396475,211.43729856058872,9.870212680007743,13.262451915518653,0.02334075573988515,0.3921857304080298
39,1998-06-23 22:00:00,41.5,-97.0,8.75,15.04,4722.096277050241,209.2779436034792,4.31300786378689,9.692159018428505,0.010304496951572652,0.5855529418432063
40,1999-04-03 00:00:00,35.0,-99.25,6.77,9.95,5786.914419932287,207.35644338294927,2.878370811917883,11.342697717700577,0.006940635084587319,1.0350835700043106
41,1999-04-08 20:00:00,41.0,-94.5,86.88,78.71,10411.528432725896,297.30300900342974,15.884541648161747,18.39679717142067,0.026714397713980924,0.4361344511595261
42,1999-05-03 00:00:00,40.5,-98.5,11.89,20.45,3594.108849223736,207.34546280604957,5.91769613800327,9.688596683623492,0.014270136558374245,0.46304395605850623
43,1999-05-04 00:00:00,42.0,-98.25,29.4,44.47,5470.305226540324,311.60308788391677,8.562536575536505,11.020113411846188,0.01373949249618212,0.6033267541599332
44,1999-05-04 02:00:00,35.5,-97.5,37.89,49.73,8253.22456405419,266.6707285253088,11.188359352796391,12.698180124971454,0.020977854252448528,0.6912818805819226
45,1999-05-04 03:00:00,36.0,-97.5,57.24,72.97,7586.677473161688,300.2339166891676,14.583620261812495,13.072792399223822,0.02428709657895002,0.6777089649753905
46,1999-05-04 17:00:00,33.5,-95.0,124.31,110.28,11766.460010546578,338.1059829099705,19.570352847822374,18.78669530272345,0.028941151350512315,0.542521687396383
47,1999-06-01 00:00:00,37.0,-99.5,5.07,8.93,5718.743500280831,232.87874663641745,2.3014070437039056,9.464269249457125,0.004941213135471275,1.1921324217397173
48,1999-06-04 02:00:00,40.0,-99.5,11.59,21.09,4763.1992544144105,234.14016649617048,5.404141079955988,9.161496513543808,0.01154039727746665,0.8504056369200028
49,2000-02-18 19:00:00,34.5,-92.25,11.8,11.0,3455.970592663086,162.05936218415277,4.073658337484489,17.869537624269498,0.012568414075502384,0.1382738324264844
50,2000-02-25 03:00:00,36.5,-100.0,50.84,49.36,6643.504598443692,281.27896161721196,10.528942880546056,17.168105648462987,0.01871619338326968,0.33381609812849367
51,2000-03-29 01:00:00,32.75,-97.25,3.94,9.16,7374.791224037725,181.02365707538004,3.0344652150916795,7.170722247112209,0.008381405127143405,1.0302003060909974
52,2000-05-01 00:00:00,33.25,-98.5,8.64,10.25,3496.589005858487,146.80657703273025,4.187922431655096,14.048699222471257,0.014263401941186214,0.416060002145704
53,2000-05-08 01:00:00,45.0,-95.0,4.19,10.99,3876.4970151651264,207.29531676421084,3.179652997886006,6.355592418985513,0.007669379722414857,1.0746866987779642
54,2000-05-12 22:00:00,38.75,-89.25,13.37,13.71,4011.600656830244,207.5092425496249,3.963529207429642,16.258443306636778,0.009550247397972604,0.27960003719885695
55,2000-05-17 22:00:00,41.5,-100.5,13.4,30.33,4434.527791911236,190.76259501385238,9.539672390230471,7.364779557600109,0.025004043349110817,0.9322363805074076
56,2000-05-18 19:00:00,41.5,-90.75,6.24,8.4,4399.647455536613,158.18939009167556,3.187169101891185,12.385817152937259,0.010073902870616429,0.3720072306753377
57,2000-05-27 00:00:00,35.25,-98.25,4.95,7.78,2032.0949918315648,213.97841008261352,2.1805034894197806,10.605658150572491,0.005095148357672917,0.3637014715585504
58,2000-06-04 03:00:00,42.25,-97.75,4.0,8.73,4040.452133668571,145.77123403093336,3.5944625698490187,7.628962554484664,0.012329121701357953,0.8917898390434548
59,2000-06-11 22:00:00,48.25,-101.0,5.44,8.49,4577.835504011362,164.8452054220562,3.090802126542171,10.680157732142263,0.009374862067200358,0.6824700886136998
60,2000-06-13 20:00:00,41.0,-95.5,19.11,31.51,4411.841351832938,239.38033799564,7.898850494498121,10.10596595822906,0.01649853651439407,0.3446695069211294
61,2000-06-29 21:00:00,39.75,-101.75,2.68,7.61,3960.0264548750224,221.29935768598315,2.063353988145337,5.866685264698106,0.004661906861639363,1.0307191335716002
62,2000-07-04 21:00:00,47.5,-99.25,3.66,14.19,2261.8954082343057,307.16199124035234,2.772135595631057,4.298804576791462,0.004512497761257639,1.1370937333082634
63,2000-07-26 01:00:00,43.5,-95.75,4.33,6.04,2537.175496397828,212.79189155583052,1.7035578425816311,11.956962386935682,0.004002873018624082,0.5059334134454401
64,2000-07-26 20:00:00,41.75,-94.75,4.44,11.55,2120.9650890577254,366.1713419637885,1.8933309546147314,6.411393158242423,0.002585307392518401,0.8117581343196745
65,2000-10-29 22:00:00,41.25,-97.25,9.96,11.48,2905.3772545816446,159.6990720030908,4.311482171437767,14.472253580992216,0.013498770272610986,0.1829723499699507
66,2001-04-11 18:00:00,40.75,-94.0,115.55,97.47,13679.14427320898,359.95228792120395,16.247418315177885,19.75846462776393,0.02256884990092709,0.40310891519262304
67,2001-04-22 00:00:00,38.25,-99.5,13.29,19.87,7404.833164683613,227.46595899809836,5.241396980601263,11.144497195646197,0.011521277741266512,0.8916638527172129
68,2001-05-02 00:00:00,44.0,-93.0,11.67,11.43,3764.5334622138093,162.40115109365786,4.222370716708145,17.014102175564815,0.01299981769917713,0.2264306522391661
69,2001-05-10 00:00:00,44.5,-93.0,20.32,23.91,8028.532121657225,260.9940800706415,5.496299409436945,14.163271751561945,0.010529548041758839,1.0007358970556006
70,2001-05-10 23:00:00,42.0,-92.75,9.33,36.11,3663.718473415073,293.87856795088913,7.373117718182258,4.304983373365864,0.01254449715335213,1.3323665996298684
71,2001-05-20 23:00:00,35.25,-96.0,14.93,22.65,5485.4655516433995,253.67629629954757,5.357583859153504,10.988417144415171,0.010559882687713025,0.6063850499222128
72,2001-05-30 00:00:00,35.25,-100.75,20.06,21.18,5095.814064426412,193.3740639070636,6.572049184256794,15.785052603896057,0.016993098897211335,0.39603486643247887
73,2001-06-14 00:00:00,40.75,-97.0,22.17,32.33,5932.784083702539,245.37544610261912,7.905741955209129,11.42601746789812,0.01610948055475536,0.41448137463957
74,2001-07-18 23:00:00,47.75,-98.25,2.94,8.01,2484.2343724692996,132.04923749767266,3.6375988052557964,6.130783234311888,0.013773645627146875,0.21730533641119054
75,2001-08-17 22:00:00,42.5,-96.0,2.18,7.47,1274.069852237184,204.99343386500263,2.1851215377696063,4.871444579412657,0.005329735437303341,0.3764615319075168
76,2001-08-23 22:00:00,39.0,-98.0,1.22,7.34,1462.419247951851,215.1866781420283,2.0455349495803326,2.7624286611029136,0.004752931192678738,0.8165688812787839
77,2001-09-23 00:00:00,40.5,-98.0,11.61,36.68,2636.0104688202655,399.2967943222214,5.511854727950119,5.2751878230722795,0.006901952139768753,1.0835928530590941
78,2001-09-24 21:00:00,39.0,-77.0,32.09,47.08,6221.86611180729,265.7591422652777,10.629085465722165,11.361455323165394,0.019997591381282254,0.5865286600541061
79,2001-10-09 21:00:00,35.5,-99.25,10.5,15.62,3524.5209260678607,156.0507800688317,6.004662738867132,11.202166321045775,0.0192394512101079,0.2417235367593557
80,2001-10-09 21:00:00,41.0,-98.0,47.24,47.71,3989.673370805387,388.2239624610353,7.374028916409524,16.502953933484264,0.009497132621160177,0.5596664357529496
81,2001-11-24 07:00:00,33.75,-91.0,63.88,69.17,11304.321118559334,281.50330492409523,14.743911170373934,15.391488721620181,0.026187811852421226,0.4955167839900866
82,2001-11-24 16:00:00,32.25,-87.75,61.25,80.53,7742.63751045153,317.7008706119462,15.208433502345407,12.676802141689672,0.023935146090489717,0.4307986197706022
83,2001-11-26 21:00:00,33.5,-92.25,17.51,22.02,4619.620445524545,197.68349287742234,6.684405050508646,13.25055933744454,0.016906836664034076,0.27739315879432536
84,2002-04-18 03:00:00,36.25,-99.5,34.82,35.3,9683.831096883234,264.327690031489,8.01199091757927,16.44179376675448,0.015155413563794268,0.9821074294029024
85,2002-04-24 21:00:00,36.75,-90.75,38.41,41.26,8212.631557040004,280.97940452014467,8.810261962693442,15.517269268449276,0.0156777717885401,0.5765407996169065
86,2002-04-28 10:00:00,37.25,-87.5,42.21,24.65,4549.507940704714,153.0857822624172,9.659434656925754,28.54321695213809,0.031549091346601034,-0.03884265377073852
87,2002-05-05 21:00:00,39.75,-99.0,3.81,7.0,7049.050152604807,208.8795119296388,2.011096216806102,9.062272724702783,0.00481401023544028,0.8701215405876666
88,2002-05-05 23:00:00,34.75,-101.75,4.88,6.8,6066.690325969576,207.38436499368316,1.9684588061378427,11.961347654664602,0.004745919023832392,0.6865445313886882
89,2002-05-08 03:00:00,37.5,-99.0,38.68,61.65,5908.97290735627,253.17364053350587,14.609689732138197,10.457271790071784,0.028853101968576978,0.6261269884980858
90,2002-06-24 00:00:00,45.25,-98.25,11.97,33.69,3476.6044137408007,473.49173200073426,4.269060261336039,5.921953585715419,0.004508062097829216,0.6715278042345456
91,2002-12-18 08:00:00,37.25,-94.5,13.76,11.87,3986.928172382445,124.10567832923662,5.739298802050084,19.32099018036799,0.023122627744817815,0.10180304502401227
92,2003-04-06 18:00:00,31.75,-94.5,63.33,74.27,10293.293720716072,294.1929090617514,15.146563239946092,14.211904687335778,0.02574257022076425,0.5635027835754893
93,2003-04-19 22:00:00,37.25,-96.0,22.61,23.23,8989.894034724206,167.33840244691203,8.32915418887275,16.22285965357267,0.024887157003650632,0.529617599718025
94,2003-04-30 23:00:00,41.25,-91.25,23.78,44.96,5472.386973340177,301.3195181890683,8.952490789843445,8.813913393157039,0.014855477739457366,0.6158165325994542
95,2003-05-04 00:00:00,41.75,-102.75,8.22,16.28,6783.824044519768,236.56333515387274,4.12987363174057,8.413983451472731,0.008728896278568045,1.2984565714756207
96,2003-05-04 01:00:00,33.0,-99.5,7.04,12.04,5462.756766298856,207.60991150297534,3.479242727569999,9.746096557951821,0.008379278962122521,1.1043955551118267
97,2003-05-04 22:00:00,39.0,-94.5,32.49,33.79,7615.2261816363225,234.56371163426616,8.643338679869714,16.027548216139795,0.018424287839856675,0.42127501641135556
98,2003-05-05 00:00:00,37.5,-93.0,80.88,63.45,10808.025211012711,266.47333167867674,14.285750634176063,21.245251025049324,0.026805216387286255,0.403101152600526
99,2003-05-05 02:00:00,35.0,-92.25,57.47,48.23,10930.378259742425,230.4591089647821,12.556515723931236,19.860298876373175,0.027242394063603872,0.43107715895776205
100,2003-05-08 20:00:00,35.5,-97.0,24.44,25.27,5962.86361807079,218.05337437326583,6.952521612472894,16.12132194800067,0.015942247242116743,0.32282922639926814
101,2003-05-09 00:00:00,38.0,-94.75,39.59,32.55,8601.521749479407,216.50843420021596,9.020056572581323,20.27178966514171,0.020830727924991677,0.3230636178237577
102,2003-05-10 03:00:00,35.5,-98.0,27.23,38.94,8650.82370303692,243.19997564185695,9.607990632475076,11.654834467527904,0.019753272193217795,0.6874451917413353
103,2003-05-10 03:00:00,39.0,-93.5,9.41,12.78,4403.048564587993,178.247404273394,4.30047719209549,12.275090324599457,0.012063225295274042,0.35282558485341725
104,2003-05-16 00:00:00,36.5,-102.25,27.53,37.07,6872.787548336094,244.58251440901526,9.09288828996537,12.377317641098989,0.01858859025948056,0.9729203299928697
105,2003-05-16 01:00:00,32.5,-99.5,16.17,27.82,7283.194877617358,248.28589105470954,6.72304372265954,9.687829513385347,0.013538916154478798,0.9040052330846335
106,2003-05-31 01:00:00,40.0,-89.0,19.69,19.48,9347.409802288837,216.63712707004717,5.395061000353528,16.84366121113599,0.012451838411356646,0.5540330440153466
107,2003-06-10 00:00:00,42.5,-98.25,37.84,51.42,6419.574015262129,294.2660719025935,10.48414708363293,12.263774013104637,0.017814060275190915,0.8321612917146421
108,2003-07-15 00:00:00,44.25,-94.75,8.62,12.72,2831.7537185448905,212.81840737310048,3.585421632019805,11.300724349066622,0.008423664278565102,0.40518681097152653
109,2004-04-22 20:00:00,36.0,-95.75,5.03,11.38,3500.4266958389553,206.2011252404856,3.3115884764336414,7.371516664257578,0.008029996132590074,0.5521894507480245
110,2004-05-16 21:00:00,42.25,-99.25,13.45,21.49,4408.251629886897,185.98209748134892,6.9325381478305355,10.433199158610636,0.018637649111699475,0.2876624901230004
111,2004-05-23 02:00:00,40.25,-95.75,80.92,85.0,8033.16827938342,351.0407722402382,14.52824707660996,15.865740274637236,0.020693104940339255,0.6883341936526093
112,2004-05-24 23:00:00,39.75,-93.25,22.99,29.19,6876.330231036422,256.66285895305754,6.8229585027745525,13.12988480422571,0.013291674788097098,1.2266380651524287
113,2004-05-29 00:00:00,43.0,-96.5,0.81,4.35,3205.7056276800395,155.32628721913136,1.6786844154076732,3.1241808832643527,0.005403735727743937,1.595168825602274
114,2004-05-29 21:00:00,37.0,-98.75,13.53,17.11,6446.926936407309,316.27502755823144,3.245379254481205,13.185183849041987,0.005130628364080495,0.9920331117216543
115,2004-05-29 21:00:00,39.75,-98.0,12.68,20.73,3933.281468111185,307.3427393773197,4.0470083601585065,10.193322295237166,0.00658386849866341,0.7364616299702729
116,2004-05-29 23:00:00,35.5,-98.25,19.42,26.69,7485.67308691831,275.45331710585975,5.81395948213279,12.127140247780327,0.010553438860746087,0.8152952193480009
117,2004-05-30 03:00:00,39.0,-94.25,36.46,46.22,7234.999452760527,294.5020824955297,9.416946247623718,13.146532393000939,0.015987911134323914,0.9538110677594862
118,2004-06-13 22:00:00,41.0,-96.5,3.21,5.13,1882.1904995741124,140.4633681195732,2.192532605703933,10.435042916119084,0.007804642004018731,0.30974966815829774
119,2004-07-08 01:00:00,38.75,-98.75,2.24,9.64,2147.312362936273,169.15732745416955,3.418508799342333,3.87428887909823,0.010104524736797236,1.0550461859916027
120,2004-07-13 19:00:00,41.0,-89.0,7.84,14.27,3921.1288757778284,247.76757961518354,3.454860316636104,9.159897689234029,0.006971978178101365,0.9205542316109814
121,2004-07-19 01:00:00,47.0,-97.75,5.84,15.62,2656.362234004606,242.75741312367018,3.8602852099592093,6.235824560482669,0.007950911076797124,0.632782985362648
122,2004-08-26 21:00:00,40.5,-95.5,14.91,29.3,4784.097683047202,300.2634591152913,5.855523713557658,8.481935682895209,0.00975064320315668,0.7382642544922321
123,2004-09-08 21:00:00,38.25,-77.25,22.45,45.99,3877.14234030157,253.24157418965532,10.897339273805498,8.13592126237458,0.021515699601607208,0.4560516551297997
124,2004-11-10 23:00:00,35.5,-97.25,18.04,24.46,5860.951016426687,214.4951488278518,6.840848053720706,12.292236615179513,0.015946393405873695,0.5274532583173452
125,2004-11-24 01:00:00,31.0,-92.75,19.34,25.02,5172.36645885604,183.48454418570716,8.179992222240827,12.885942163767341,0.022290684641976567,0.239599271716476
126,2004-11-24 08:00:00,32.0,-89.5,41.16,46.43,8383.972081202206,249.09651340900788,11.183052341828605,14.776291234563583,0.02244722776080454,0.4536302338849372
127,2005-01-13 03:00:00,33.0,-93.25,54.16,42.14,8704.98170791924,247.91256706016853,10.199885848385907,21.418023165589734,0.020571538525335,0.28177574765888436
128,2005-04-06 16:00:00,31.0,-89.75,50.57,72.77,8315.407271427146,287.98884810441945,15.160739994585681,11.583391627998415,0.02632174838431361,0.4867358616679104
129,2005-05-07 23:00:00,41.0,-98.5,10.04,15.98,4296.655302878693,241.87992553269882,3.964638257869262,10.471131845889868,0.00819546774941705,0.28363250275241814
130,2005-05-12 03:00:00,37.75,-101.0,13.56,17.69,5109.24831316556,225.79778348519818,4.699485994159789,12.774315327522478,0.01040640417638966,0.4059076919718777
131,2005-05-13 01:00:00,33.5,-101.25,5.85,11.0,3096.0071820748544,198.51929348347915,3.3249073230921313,8.858774628860079,0.008374267469798424,0.5611016795757792
132,2005-06-09 21:00:00,39.5,-99.5,11.46,20.69,3734.6285923755286,299.70107673076666,4.142133239746463,9.233519446803468,0.006910441038334182,0.756536803971794
133,2005-06-10 00:00:00,34.0,-101.0,22.27,35.62,4292.119364943504,364.7570654092599,5.859776397342815,10.421371855301546,0.008032437138356876,1.1404275251668077
134,2005-06-12 23:00:00,33.25,-100.75,4.76,8.87,2618.3514829387796,161.09300055131948,3.3042405287320866,8.946121198746045,0.010255692418117983,0.46992887305629344
135,2005-06-29 21:00:00,43.75,-95.5,11.81,15.7,4317.920947245898,227.74870950338396,4.1370501613516835,12.530650232280317,0.009082488700754227,0.5265096564503402
136,2005-11-06 06:00:00,38.0,-87.5,64.1,46.68,6149.487610605004,229.68281655780845,12.194542250170255,22.88570814933262,0.02654648360928,0.11950557544990625
137,2005-11-12 23:00:00,41.75,-93.5,23.68,21.24,4305.401763671024,174.59038101244224,7.297987316680519,18.587933300987366,0.020900313277168535,0.08296276936215952
138,2005-11-15 22:00:00,36.5,-87.25,70.52,73.88,8864.79513893635,322.72887612269255,13.735059744906271,15.90856146045544,0.021279564304751867,0.30679637808165494
139,2006-03-12 03:00:00,37.75,-90.75,17.62,22.51,5399.587807479034,187.08634510402865,7.219842245344033,13.044475584202065,0.019295481563150606,0.289316491575622
140,2006-03-12 21:00:00,38.0,-94.75,20.95,19.35,8585.458756576434,198.62512312547148,5.8455506847194965,18.04040442574429,0.014715033508190357,0.44755216040610446
142,2006-03-12 21:00:00,38.5,-93.75,18.87,18.1,10100.4431614095,218.26353393238387,4.976449040237505,17.37193705017737,0.011400092701191132,0.5861217609733469
141,2006-03-12 21:00:00,38.5,-93.5,25.11,24.31,10832.675827238989,219.41721741509755,6.6475396166079515,17.218219955837426,0.015148172269526172,0.5657296147929528
143,2006-03-12 22:00:00,38.5,-93.5,42.23,37.77,14357.582592705456,287.585897461018,7.880207826474789,18.636604199540113,0.013700615878674898,0.7268371810483646
144,2006-03-13 01:00:00,39.25,-90.5,128.27,114.74,14250.2833590376,381.12977043535557,18.06265139735381,18.63306226252851,0.02369619588719253,0.7047828993727169
145,2006-03-13 03:00:00,36.25,-94.5,42.85,35.35,13648.86192209746,247.5763735671141,8.567132616811014,20.202264953324473,0.017301999567597263,0.5788909893379743
146,2006-03-13 03:00:00,37.25,-93.5,52.4,41.66,13611.338711443981,264.93529226094444,9.434283123502324,20.964458337485233,0.017804881793947923,0.4820862449585964
147,2006-04-14 01:00:00,41.5,-91.25,15.99,21.76,8729.230845609829,248.41396938394539,5.2553126383334545,12.250354068062078,0.010577731701977903,0.9406772729651429
148,2006-04-15 23:00:00,40.5,-96.75,69.21,63.06,8395.829482430692,347.762534482774,10.880616304089953,18.289940976046736,0.015643744258237384,0.5106782341232778
149,2006-09-16 23:00:00,43.75,-96.75,21.06,21.84,7623.407294978944,210.46274952863493,6.225334319715672,16.074701372964725,0.01478963458773181,0.40328458720940374
150,2006-09-17 00:00:00,43.75,-97.0,12.78,14.97,3744.2019344084297,167.96708712857085,5.346874122198671,14.229435656208848,0.015916434027655347,0.10132109617445928
151,2006-09-22 21:00:00,37.5,-90.0,38.46,38.48,8276.914339386798,216.59590951035463,10.659790602115088,16.656110234257273,0.024607552899343844,0.36840750327099675
152,2006-11-15 11:00:00,31.75,-89.0,48.28,53.82,7169.6841027719265,256.57884688120475,12.585084142392237,14.951450857397042,0.024524788959354654,0.43173222476017964
153,2007-03-01 03:00:00,38.25,-94.5,33.34,40.64,9029.531655365421,236.38621106826685,10.316015269045398,13.673614622471632,0.0218202559752231,0.5323359674799167
154,2007-03-28 22:00:00,34.5,-101.25,11.44,15.61,6118.815422653006,229.8469436556477,4.075486405465395,12.213944881960874,0.008865652813663711,0.5665547990244459
155,2007-03-28 23:00:00,34.0,-101.0,26.81,36.91,6250.584465490627,296.87167824511243,7.459701287262573,12.104195810045447,0.01256384800894254,0.6900523472806335
156,2007-03-28 23:00:00,34.25,-101.0,22.29,31.12,6506.956363237432,281.14748196663135,6.642137129956109,11.938851404960557,0.011812549562055916,0.7338671275832914
157,2007-03-29 00:00:00,34.5,-101.0,8.06,10.67,2665.7515899418354,165.46971852160866,3.86865567701799,12.592121200633253,0.01168992040230244,0.19811386964751865
158,2007-03-29 00:00:00,36.25,-100.25,29.6,36.74,7825.69186711669,324.59793027552666,6.791599815314179,13.429080506365999,0.010461557486748764,0.8607621638441818
159,2007-03-29 00:00:00,37.5,-100.25,39.03,53.52,6262.222985435684,311.09360273156415,10.321783853221357,12.15419214856328,0.016589514799710936,0.31738064281432443
160,2007-03-29 01:00:00,35.0,-100.75,5.28,7.54,3057.6672904657903,164.18225313927164,2.755419850711203,11.670549089038504,0.008391344977991776,0.28218926585693205
161,2007-03-29 02:00:00,35.0,-100.5,12.36,21.39,5336.682267284287,230.4771008498998,5.569158841972984,9.631552407012773,0.012081805136901531,0.5626220419074911
162,2007-03-29 02:00:00,35.25,-100.5,10.78,17.12,5072.408344615996,215.1943530236504,4.77335810798581,10.492951515674664,0.011090807079545451,0.539807025286682
163,2007-03-29 03:00:00,38.75,-101.75,16.53,21.97,3244.1928435843465,177.8181026974093,7.414835687101123,12.540090006381591,0.020849496127283648,0.0830985647777438
164,2007-04-21 02:00:00,40.5,-100.25,30.76,50.32,5671.01635767763,302.5336708436546,9.979226156379633,10.187235658404878,0.016492752903422718,0.6212954345623033
165,2007-04-22 02:00:00,34.5,-102.0,50.23,46.51,11981.437246668422,339.2385506474905,8.226330251173314,17.997710958540832,0.01212469843930187,0.8477509267940295
166,2007-04-23 23:00:00,36.75,-99.75,14.05,22.75,4672.220338845859,285.7655397543831,4.776785731950003,10.290329781250223,0.008357875718772239,1.0968014282953547
167,2007-04-24 00:00:00,38.75,-101.75,19.74,30.87,6302.720910469282,273.5712519152847,6.770840156639036,10.658876245826882,0.012374911671522644,0.7995175659633176
168,2007-04-24 01:00:00,32.25,-101.0,9.2,15.24,6153.097822229109,263.3511699285695,3.472258492710069,10.062715145118082,0.006592449339890673,0.7300800442014825
169,2007-04-24 19:00:00,39.0,-102.25,5.43,13.22,2626.7766250847812,220.2265756049268,3.6020443836818776,6.839354864713998,0.008178042031911099,0.789816242345321
170,2007-05-04 23:00:00,36.0,-99.75,7.91,11.65,6412.832055372599,248.34811217646586,2.8135769263293384,11.31914533168497,0.005664582874562235,1.013198464833045
171,2007-05-05 03:00:00,37.25,-99.25,46.61,57.55,9292.747351871069,362.308788061197,9.53117359524919,13.498708521937422,0.013153384501453624,0.6682540502249102
172,2007-05-05 20:00:00,42.0,-100.0,110.54,102.87,10499.868268076772,340.4438639472059,18.12999086944203,17.909947354389153,0.02662699021688569,0.39175963934059466
173,2007-05-06 02:00:00,35.5,-99.75,28.28,38.77,6115.0391566292865,229.38088719787228,10.141235130055122,12.158342217119447,0.02210566724617061,0.4202596394425321
174,2007-08-27 03:00:00,47.5,-97.25,10.53,15.06,3294.1670203092535,212.47960984524738,4.253862169881024,11.65492813067532,0.010010047959376399,0.4520246468330512
175,2007-10-19 00:00:00,37.5,-87.5,15.22,17.72,6379.086332021134,210.79214562473825,5.042415037246075,14.314947618907505,0.011960633121081301,0.2544898659919679
176,2008-01-10 19:00:00,32.75,-89.25,47.44,44.74,6039.555467928389,225.14426303969395,11.9228531387993,17.671980968201456,0.026478252161142673,0.1824390114966299
177,2008-02-05 23:00:00,35.75,-92.25,158.12,140.12,8076.865387573002,376.8223089593205,22.3112530319324,18.807332830150923,0.029604474710573717,0.13679969711187134
178,2008-03-15 20:00:00,34.0,-82.0,53.16,45.52,14076.093272679629,270.9427524522106,10.07995951457453,19.465427970977874,0.018601640795600265,0.7782413409296502
179,2008-04-11 19:00:00,35.25,-87.0,15.19,15.9,4667.969704698029,148.87669488136927,6.408621204656049,15.922133456482026,0.021523251875529233,0.12875205536575374
180,2008-05-02 02:00:00,36.25,-96.75,32.32,44.36,7897.400104914672,308.91482263431374,8.616836449314167,12.141179765385903,0.013946945594634965,0.7145549729672391
181,2008-05-02 14:00:00,35.25,-92.25,76.72,82.94,6916.688287856596,286.66830916593403,17.35889452758922,15.418121472184923,0.030276968141499837,0.22923209573908399
182,2008-05-02 15:00:00,34.5,-92.25,63.48,66.67,7038.602383943123,288.95828858805146,13.84316258805113,15.870704913489448,0.023953565505411757,0.40193925614576154
183,2008-05-22 19:00:00,41.0,-105.5,32.07,31.81,7890.554981220622,224.9149104173168,8.48619403982884,16.800881902248946,0.018865343396049623,0.5184164146005441
184,2008-05-22 23:00:00,39.5,-100.25,49.71,53.72,7336.536490189814,262.09416687561117,12.298393264172107,15.422141285077695,0.02346178362300004,0.3352047487852441
185,2008-05-23 22:00:00,39.0,-100.0,24.25,31.76,7333.669594054019,274.9757704307341,6.93089956120907,12.72393225289035,0.012602745962584639,0.7067916010330875
186,2008-05-24 02:00:00,37.5,-99.0,35.43,38.86,10402.43909129878,269.96189638716623,8.637735346919849,15.191810137917424,0.01599806391664257,0.8160568228407991
187,2008-05-29 23:00:00,40.5,-98.75,35.87,39.17,11298.246027269759,285.13473510952554,8.241545239761297,15.262892626115029,0.014452019036887188,0.8677424993764313
188,2008-05-30 00:00:00,39.5,-99.0,77.32,69.63,11797.43297821226,424.84713045185094,9.83429074012416,18.505942981541946,0.011573916869421701,0.7004708190216287
189,2008-06-05 01:00:00,40.5,-101.25,1.45,2.77,4043.063349982097,145.45370038481852,1.142460231745406,8.752843972147732,0.0039272298632584265,0.883471393336313
190,2008-06-05 01:00:00,41.0,-95.0,14.65,25.55,6109.316678115406,211.8871687699209,7.235650909136568,9.553667089727565,0.017074301740737895,0.8547549516045557
191,2008-06-07 21:00:00,41.0,-89.0,19.9,28.18,4825.451032984483,262.43419702565393,6.442436598639109,11.767578566143296,0.01227438472511518,0.625959785821758
192,2008-06-11 23:00:00,42.0,-96.0,14.54,14.86,4101.367541642297,145.6770551958899,6.119814298984181,16.305364743747273,0.021004729573764903,0.20197372652759893
193,2008-06-12 03:00:00,39.0,-97.25,29.39,34.99,8956.700045960748,275.7858056182094,7.6123993456884795,13.997162168472661,0.01380128924442704,0.4907063229224503
194,2008-06-12 22:00:00,42.5,-90.0,13.29,21.14,4437.624810264357,207.2608605002056,6.119675769645075,10.474275270241135,0.014763220983633337,0.310516088345251
195,2008-06-27 00:00:00,45.0,-101.0,2.44,5.9,4411.773615029766,173.0619079404478,2.045483162034973,6.905540132737226,0.005909686268854849,1.0199676868822192
196,2008-07-11 20:00:00,47.25,-95.75,15.83,19.07,6227.7760392669825,314.55867144171833,3.636562833742792,13.835717768404672,0.005780420576351171,0.7613716823539981
197,2009-02-10 23:00:00,36.0,-96.75,16.93,20.2,8155.705784131672,225.08948916954063,5.3837725395779845,13.974415596542535,0.011959182455478518,0.6209406708130669
198,2009-03-08 18:00:00,38.25,-88.25,32.23,23.37,8063.273934281396,196.92550643479984,7.121336556786611,22.97955547270975,0.01808129552568757,0.2635837698641558
199,2009-04-10 02:00:00,32.75,-94.75,57.13,51.29,12903.817322108307,282.8250619180538,10.880487091767115,18.564999384935362,0.01923536587949134,0.5862490641252489
200,2009-04-29 23:00:00,34.0,-101.5,6.03,9.9,2217.183316277681,220.92501459359886,2.6888392356929143,10.144130080341874,0.006085411470129696,0.48403134457108077
201,2009-05-13 21:00:00,40.25,-93.25,11.14,15.21,2206.0002668469906,208.06398366413708,4.387286915083257,12.201388676197281,0.010543119567885768,0.16776900932094618
202,2009-06-05 22:00:00,41.5,-104.0,2.55,12.07,2998.144043046541,285.4465763070147,2.537512484017859,3.518063660806054,0.004444811559569406,0.8853797359980863
203,2009-06-18 02:00:00,41.0,-98.0,3.6,8.17,3793.518135731915,187.70001791894197,2.611744281675601,7.347683332462644,0.006957229707893474,0.6263562796289698
204,2009-07-30 21:00:00,34.0,-91.25,61.27,64.1,5771.166691515727,314.9345384265928,12.211306351120596,15.931293394793517,0.01938705486563662,0.4091863237738961
205,2009-10-29 21:00:00,33.25,-92.75,62.61,79.42,8401.987718766644,296.6691567899504,16.061685334232937,13.138771506295663,0.027070028964293436,0.34332654932041207
206,2010-04-22 22:00:00,38.0,-101.25,13.77,21.86,4379.269597366427,245.12786005486507,5.351575267934233,10.494153836396839,0.010915885421462154,0.6654400393194203
207,2010-04-23 00:00:00,35.0,-100.75,16.53,23.7,5880.776618757414,235.19185340760862,6.047022056582252,11.623182118358418,0.012855509170426535,0.5748291713256635
208,2010-04-23 01:00:00,34.25,-100.5,17.41,26.81,4660.107411795196,231.28276794472666,6.954857165656967,10.826081145974191,0.01503539850257906,0.4579703435462775
209,2010-04-24 16:00:00,33.25,-89.5,202.84,164.72,13327.713653975397,398.74765910445353,24.785267830225457,20.524166346591233,0.031078888194466938,0.41624693827666126
210,2010-04-25 03:00:00,33.75,-86.75,34.1,26.48,5920.1215131418,173.53989679961265,9.153599658934189,21.46748777331949,0.02637318515149255,0.19596051807380543
211,2010-05-01 03:00:00,34.75,-91.75,73.36,81.74,8270.986501169162,302.9185270320027,16.18974762873778,14.959211458788046,0.026722940632527517,0.7042596085782695
212,2010-05-02 08:00:00,35.0,-89.75,41.11,36.79,8846.344265819554,199.54247602639873,11.060914738196162,18.62690362571731,0.027715689808151034,0.23046937882879082
213,2010-05-10 21:00:00,35.5,-97.5,46.03,37.97,12606.947353037307,319.3287251821088,7.134543993402384,20.203312311745435,0.011171159107802862,0.649213403758114
214,2010-05-10 22:00:00,35.5,-97.75,82.94,61.03,15446.145442773519,406.5530913552737,9.0069363080974,22.651067224715128,0.01107719569671963,0.40908140557758543
215,2010-05-23 01:00:00,45.5,-99.75,12.25,17.44,5978.873349576633,185.02146884717297,5.6559196092030275,11.704224270269295,0.015284495481642716,0.41313900228021727
216,2010-05-24 02:00:00,36.25,-103.0,36.45,42.56,7653.091718355709,400.1158129903648,6.381798638612657,14.273119286996986,0.007974939294346681,0.7526487898566774
217,2010-05-24 21:00:00,44.75,-102.0,46.35,44.44,9638.701283226357,311.5951226910791,8.557599450436015,17.382152665937717,0.013731921373686215,0.4994336686770826
218,2010-05-31 23:00:00,37.0,-102.5,5.15,14.95,2155.476664682019,355.46224428726595,2.5232115627580485,5.740406765493269,0.0035491977042699943,1.0947749060209107
219,2010-06-11 01:00:00,39.75,-103.5,1.03,3.23,1992.914620714186,115.96089223017962,1.670589419439512,5.325599995801058,0.007203244935902319,0.4484399969791941
220,2010-06-13 22:00:00,36.75,-99.75,9.38,16.89,2399.5037104288017,239.7394676239549,4.226873342187803,9.25795346454581,0.008815555870045344,0.25526625295572447
221,2010-06-17 20:00:00,46.0,-95.5,95.81,103.07,8084.102277980491,403.38201954103556,15.33073944370424,15.493316359760051,0.019002755082077553,0.5886982208980601
222,2010-06-17 21:00:00,48.0,-97.25,18.03,25.94,5475.433020142288,210.7844319438026,7.385185280549977,11.579286527933991,0.017518336654290832,0.4627589390064929
223,2010-06-17 22:00:00,43.25,-93.75,16.96,21.02,5138.043197544723,228.18938262088452,5.52674719480899,13.450349713444277,0.012110000761935465,1.1274319382611016
224,2010-06-22 00:00:00,40.25,-102.75,7.86,22.06,5831.645265746286,267.57548384115694,4.947322638187405,5.9407563050371905,0.009244723334078553,0.9501685365037486
225,2010-06-22 02:00:00,45.5,-105.5,3.1,5.33,1145.2751612541413,146.509676531896,2.183804531558494,9.699722842494449,0.007452765521201146,0.14192798238005522
226,2010-07-07 01:00:00,43.5,-98.5,3.96,19.72,2406.345926769887,275.2081486462141,4.299509729270213,3.3508076865079515,0.007811377952324594,1.0439555422853566
227,2010-07-14 18:00:00,44.75,-92.5,37.34,38.33,5793.247897774933,231.96891939313724,9.915059064690839,16.232968236215083,0.02137152488063919,0.5413292092353845
228,2010-11-22 21:00:00,42.5,-88.25,22.85,20.1,6251.91818163111,166.95224795290957,7.222267950887098,18.950875719342612,0.021629741556173015,0.21068326272095983
229,2010-12-31 12:00:00,36.0,-94.75,38.39,37.72,9415.668602589458,202.53788576284913,11.172809603324207,16.96325114571617,0.02758202387973579,0.3367332579843445
230,2011-04-10 03:00:00,42.5,-95.75,49.22,57.44,10244.508689491571,338.2492021815584,10.189456092905251,14.279531340222208,0.015062054880229941,0.6886017966820981
231,2011-04-11 01:00:00,44.5,-88.75,38.74,28.79,7959.392754371318,225.93455780581763,7.644864840676395,22.42996341025272,0.01691831677924825,0.255023797970694
232,2011-04-14 23:00:00,34.5,-96.75,28.6,34.72,7889.140879546587,238.07623166044652,8.749077352410577,13.73213288116494,0.01837452922408661,0.6922904020527079
233,2011-04-15 17:00:00,32.75,-88.75,81.42,79.5,8104.863898644618,269.1953551541784,17.71990299174221,17.06836608703423,0.03291272054377266,0.3113764479605087
234,2011-04-16 20:00:00,36.0,-79.0,108.11,85.13,13827.92557631198,302.75885229773615,16.871257293450274,21.164966072869863,0.02786253344106832,0.5086610902337674
235,2011-04-23 01:00:00,38.75,-90.75,34.12,33.94,6830.57036557782,232.77108036726122,8.749559905952598,16.755407468711116,0.018794344839031828,0.5395330043825111
236,2011-04-27 01:00:00,32.25,-93.5,88.13,76.6,13433.113367451477,366.4624035648365,12.540945399345391,19.175717768078194,0.017110821297561266,0.8655704330903345
237,2011-04-27 20:00:00,34.75,-87.5,228.17,168.31,14295.92255983838,419.31332930672437,24.083444361454138,22.59406220715411,0.028717718562957118,0.42682556595001375
238,2011-04-27 22:00:00,33.0,-88.25,129.13,97.0,11120.08106734671,297.4230098236675,19.568780698168325,22.186685222432384,0.0328972205441839,0.25627422924124826
239,2011-04-27 23:00:00,33.25,-87.0,228.86,177.91,13184.646969165738,393.6094043601324,27.120340376919906,21.43927152528872,0.034450828761329835,0.33760126899197285
240,2011-04-27 23:00:00,33.5,-87.25,134.25,97.1,10237.94900768603,299.77106036773927,19.435157592768398,23.042862224631598,0.03241666752108532,0.20394930401679295
241,2011-04-28 03:00:00,32.75,-86.0,80.5,64.78,7953.927302948942,260.321569841816,14.929737261301822,20.712763654455788,0.02867556705034826,0.22572981473104464
242,2011-05-22 03:00:00,38.5,-96.0,12.13,16.11,4927.950110684929,257.6700646214241,3.7522154370110004,12.548044537500187,0.007281046485791544,0.48624988677990777
243,2011-05-24 23:00:00,35.25,-98.0,49.36,44.29,7373.196386620486,250.99787159945265,10.586307266797288,18.578015249503895,0.021088440310942407,0.46100740339659096
244,2011-05-24 23:00:00,35.5,-97.75,116.47,118.7,10157.736965891989,385.4845928141383,18.474824160628035,16.353741922991603,0.023963116172499903,0.6205369307882767
245,2011-05-25 21:00:00,37.0,-90.75,45.43,47.44,6754.097465204027,226.95447522964133,12.540845431365181,15.96132253053524,0.02762854845377221,0.1478791892685366
246,2011-06-01 21:00:00,42.25,-72.25,67.1,76.44,6881.968053334751,342.49791394541893,13.39077188780045,14.631438454481117,0.01954869116361162,0.585027372388317
247,2011-07-16 22:00:00,47.25,-100.5,5.98,12.24,2371.375170197834,225.67715354949357,3.2540130706464083,8.148530872525855,0.007209442824554162,0.45325199944648664
248,2011-07-18 22:00:00,45.25,-103.5,3.55,9.27,2805.0386955097565,302.4939472750477,1.8386105953108764,6.390654605581919,0.003039086586481496,1.1121702805477849
249,2011-11-07 20:00:00,34.0,-98.75,17.82,29.68,3158.1665085430677,372.70080755881463,4.777405391234807,10.009630811660113,0.006409169626605787,0.47757607797568624
250,2012-01-23 12:00:00,32.75,-86.75,56.88,58.68,8028.672297531428,265.7248459814197,13.250333590908212,16.154475208996217,0.024932432535561082,0.3739943256092839
251,2012-03-02 21:00:00,38.5,-85.5,65.67,45.86,9926.5829800499,246.49006159121868,11.162105351789856,23.867395033856496,0.022642100212342826,0.22529714004432555
252,2012-03-02 22:00:00,38.0,-82.75,120.57,88.8,15141.167478610741,328.9086517126441,16.198279758415424,22.630791829315008,0.024624283481249516,0.4345266169631257
253,2012-03-03 03:00:00,32.5,-86.75,50.8,45.0,9487.929783914196,221.6390918238704,12.182179384268276,18.816093385596883,0.0274820188172154,0.37928134099673116
254,2012-04-13 23:00:00,34.5,-99.25,7.1,11.47,4927.379085581997,168.25943870851867,4.091565288393816,10.318176318530577,0.012158501537265222,0.44540514470449133
255,2012-04-14 23:00:00,37.75,-98.25,76.32,75.08,12655.44661864981,300.31041234616987,15.000370860119006,16.941764732792606,0.02497477650363314,0.7330931058988729
256,2012-04-14 23:00:00,38.0,-98.5,60.2,63.21,12052.144474546389,279.24659242735123,13.582181570748546,15.87311098234403,0.024319332695674854,0.646414736388281
257,2012-12-25 21:00:00,31.0,-89.25,87.26,85.67,11594.40031155415,338.75067615853476,15.174023953170293,16.97563932581552,0.02239703862032865,0.5766976253463861
258,2013-02-11 00:00:00,31.5,-89.0,39.68,36.9,7340.60757779721,212.1582020271861,10.436360173935753,17.92101072037534,0.024595702815671562,0.36243665372504474
259,2013-05-16 18:00:00,32.75,-94.75,5.35,11.89,3187.3031995419756,211.08946061588884,3.37867225005117,7.503282293297443,0.008002939228214729,0.988562027391579
260,2013-05-19 01:00:00,38.0,-99.25,11.04,21.73,4148.816953841923,387.63974433438864,3.3636054292335946,8.467918625641772,0.004338571416366502,0.7497735891041261
261,2013-05-20 01:00:00,35.25,-96.75,38.05,37.23,7063.987621824481,250.4469630404261,8.919426224577807,17.031925696451264,0.01780701613686182,0.484470259886906
262,2013-05-20 21:00:00,31.75,-98.75,10.01,20.68,2743.917499392631,333.17839938016874,3.723268651024738,8.071351633324849,0.0055875000569535005,0.7017828795900707
263,2013-05-20 21:00:00,35.25,-97.25,21.56,23.89,6155.030733014754,213.3508987950555,6.71794859158347,15.039232936114086,0.01574389568903743,0.4459599408185151
264,2013-05-27 23:00:00,40.0,-99.0,1.85,5.96,2762.086716993845,203.90410889122427,1.7530004270007138,5.1717755892748425,0.0042985902455155486,1.599286953671323
265,2013-05-29 01:00:00,39.0,-97.5,31.28,35.77,3492.974605050996,246.328111221176,8.713200794060636,14.572439468544442,0.017686168157716124,0.5370484902075199
266,2013-05-29 04:00:00,43.0,-84.0,13.43,19.26,2720.2364324728223,172.9270764123994,6.683336114612497,11.62337199154566,0.019324145915339378,0.14594657283729867
267,2013-05-30 20:00:00,34.0,-93.75,13.17,25.27,3923.531374693764,258.75782853945077,5.8594260097092,8.68955132190399,0.011322219781296123,0.6958140559371134
268,2013-06-01 00:00:00,35.5,-98.0,8.37,14.37,6414.713217204586,205.4191622251044,4.1978623027039434,9.701456568348306,0.01021779627867385,0.8707591851910472
269,2013-10-04 04:00:00,40.5,-97.0,15.67,40.88,4625.560357060614,302.10991642475756,8.118972970841352,6.390150969680852,0.013437117634077124,0.5090321880238975
270,2013-10-05 01:00:00,42.75,-95.75,29.83,39.01,7995.89515041996,238.773687119219,9.803161779168079,12.74451705989767,0.020528145076290145,0.5231492560172066
271,2013-11-17 16:00:00,39.25,-89.25,65.26,45.37,10674.007300032226,194.9629869660567,13.96282955579927,23.972767578457393,0.035808923973426346,0.26073154272252835
272,2013-11-17 20:00:00,37.0,-88.75,62.3,40.91,7974.4808808620455,192.20876711617473,12.77116661837675,25.3800203161347,0.03322212303317467,0.14625735023890363
273,2014-04-28 01:00:00,34.75,-92.5,70.7,75.45,7766.940435353276,276.00110953013166,16.40104991446195,15.618474092492688,0.029711927503449784,0.3460031668243808
274,2014-04-28 22:00:00,32.25,-90.0,48.25,51.94,10120.435969241473,295.72711436541323,10.537830455974388,15.481508637094832,0.0178168148000007,0.7160568319699468
275,2014-04-28 22:00:00,33.0,-89.25,45.88,43.69,10678.180823761364,281.1203934905795,9.324727482925658,17.50084788823788,0.016584936025351243,0.6962176228843117
276,2014-06-16 20:00:00,41.75,-97.5,36.94,38.12,7887.409666630233,341.9863121644788,6.688688705092026,16.149001126973896,0.00977917604765873,1.0235745956311884
277,2014-06-17 22:00:00,45.25,-104.0,8.76,16.99,4410.729532833554,253.5372208470299,4.020715594069779,8.588809841742297,0.007929241277941698,0.9122071099617374
278,2014-06-18 05:00:00,42.25,-97.0,11.99,33.94,3672.3139903115625,224.17970855080222,9.083299657496767,5.890027466620171,0.020258969280081755,0.6521156307207643
279,2014-06-18 22:00:00,44.25,-99.25,38.45,41.53,4392.224489568601,262.8362635390614,9.481389345266834,15.42910878218285,0.01803668416526884,0.330320832164436
280,2015-04-09 23:00:00,42.0,-88.75,35.85,38.92,6553.960910072567,240.24027939674005,9.720840491953535,15.349858260178822,0.020231495976368405,0.3329816640440312
281,2015-05-06 22:00:00,39.5,-98.25,21.31,28.17,5442.57448002068,268.5570331032032,6.293713034699514,12.608791527620243,0.01171764701518898,0.5917650857931585
282,2015-05-06 23:00:00,40.0,-97.5,42.16,51.7,6916.128791390643,280.28302556760997,11.066764999530799,13.592994080637656,0.01974212490592169,0.863374085599914
283,2015-05-07 00:00:00,35.5,-97.5,31.53,45.85,6013.802878600756,305.9762670676132,8.990353055158192,11.463786102181341,0.01469125880467642,0.8528974273878955
284,2015-05-09 21:00:00,32.25,-99.0,8.27,14.42,1044.0885515496273,360.0216182403494,2.40275152294457,9.558165790333325,0.003336954506632571,0.3255306616329887
285,2015-05-10 00:00:00,39.5,-100.5,22.83,35.02,6768.065641412144,227.66192893735564,9.230247269508132,10.864992001661136,0.020271828743153544,0.5398038989244447
286,2015-05-25 05:00:00,37.25,-100.25,21.82,37.43,4927.14535062654,254.3490635816166,8.828650091762542,9.718737021125689,0.017355381552111686,0.7647711592398914
287,2015-05-27 23:00:00,36.0,-100.25,4.52,12.92,2362.0987448647206,226.83203972174044,3.416425704408353,5.8325879204116085,0.007530738842271473,1.395741616727427
288,2015-06-06 01:00:00,39.5,-102.25,5.19,15.48,3235.3166737712513,212.01708733469752,4.381427938917687,5.586922069337983,0.010332723635621438,0.7442174258853766
289,2015-06-22 02:00:00,45.75,-103.0,5.91,6.98,5349.108843360892,160.21389155198915,2.614405161424039,14.108181216911204,0.008159108851605633,0.5345463287537661
290,2015-06-23 01:00:00,41.75,-89.25,26.95,30.04,4605.40918094226,197.7555726037085,9.11544147307463,14.949926934368415,0.023047243000685204,0.32750743191767573
291,2015-06-27 22:00:00,48.25,-97.5,2.78,12.07,3571.4990029905653,282.9053404389109,2.559147866712063,3.8355800801645925,0.004522975534399061,1.3933120372095247
292,2015-11-16 22:00:00,37.25,-100.75,22.25,24.7,7250.986154253122,219.44095309385347,6.75371141449019,15.013566470583108,0.015388448052359832,0.27814649363339305
293,2015-11-16 22:00:00,39.25,-100.5,21.98,25.29,3443.1597525869133,216.36358827111346,7.013837633183242,14.484632165510629,0.016208451914733878,0.1607549096601375
294,2015-11-16 23:00:00,35.25,-101.0,15.16,14.48,10811.156591012836,178.67587476037693,4.8628939856804205,17.442363112174373,0.013608143774871876,0.6123441513670599
295,2015-11-16 23:00:00,37.25,-100.25,24.4,20.56,5195.905449424799,202.50256073316814,6.092100638712927,19.7796571255194,0.015042033583813083,0.18776485604038085
296,2015-11-17 01:00:00,35.25,-101.25,19.39,19.83,9648.433346258842,169.03822583154692,7.036928799547001,16.301656273940676,0.020814607953113427,0.34786333378969725
297,2015-11-17 01:00:00,37.0,-100.75,84.95,90.19,9440.91655833714,317.2777557461139,17.054897820514316,15.698343089037222,0.026876920161654307,0.4777671124597024
298,2015-11-17 02:00:00,36.25,-100.0,72.01,62.11,7715.68541885539,290.9979403139087,12.806820094219033,19.32182571092496,0.022005001273211606,0.4448959364824344
299,2015-11-17 02:00:00,36.75,-99.75,71.14,63.11,6524.331962397249,280.7725954342459,13.48640614428781,18.786043327950395,0.024016599845561124,0.2923823163938013
300,2015-12-23 20:00:00,34.25,-90.0,74.04,58.56,9165.77969717577,249.06867494101584,14.105960488081976,21.07399225339412,0.02831741183716205,0.22792344937563136
301,2015-12-23 20:00:00,34.5,-89.75,105.74,82.01,10063.468800698689,286.7756104621069,17.15779509553753,21.490650735926764,0.029915017995933577,0.22542608105760553
302,2015-12-24 01:00:00,35.5,-87.5,60.82,39.54,7696.897653330308,195.97152680199702,12.106193544917383,25.6343237696083,0.030887633888644118,0.051269999565105584
303,2015-12-26 23:00:00,32.75,-96.75,21.86,28.13,8182.9110553274395,223.575416412924,7.550383513594506,12.948457218935031,0.016885540536464027,0.4125183960752301
304,2016-04-07 07:00:00,31.5,-84.75,28.23,30.02,5595.69858501697,212.92799672538578,8.458556660600314,15.672458692313775,0.019862481192431808,0.36928195141431147
305,2016-04-16 22:00:00,32.5,-100.5,4.24,8.91,2390.085528180774,175.2660965706605,3.0512945214437774,7.928778682797624,0.008704748325965067,0.3333893540237016
306,2016-04-19 22:00:00,30.5,-102.75,4.96,12.51,1194.0642888133032,292.28194315423826,2.5684105389378056,6.613078812848745,0.004393720855999725,0.42111767240262754
307,2016-04-24 23:00:00,39.75,-96.5,23.78,28.09,6626.5206855167,234.3579998111949,7.192509284782254,14.104896644866704,0.015345132853533339,0.45466074840276605
308,2016-04-28 02:00:00,40.25,-86.25,3.24,23.48,2068.173365815358,223.3901225626177,6.307699491075623,2.3015244099811243,0.014118125319769978,0.5836695628130414
309,2016-04-29 23:00:00,32.25,-95.75,39.42,43.49,8151.458619807606,271.8025956783437,9.600482690059845,15.10821346763405,0.017660763441386035,1.0583544863832772
310,2016-05-07 02:00:00,40.0,-104.5,4.4,11.93,4304.633106982667,260.05330410044564,2.7535540346452647,6.149198156349946,0.005294210823758086,0.5184452075435004
311,2016-05-09 00:00:00,39.0,-99.5,13.62,18.52,6017.707721046463,233.36980994996625,4.76228390382358,12.257283722387523,0.010203299014651035,0.5457357938385271
312,2016-05-09 22:00:00,34.5,-97.25,6.95,11.74,3973.7367199905775,214.78138760709942,3.28001286949508,9.870176881518898,0.007635700900431891,0.4160458547679353
313,2016-05-09 22:00:00,34.75,-97.0,11.78,19.16,4419.126404151239,217.34024871187307,5.289234687794239,10.245270527925388,0.012168097531732727,0.45852659499388526
314,2016-05-10 20:00:00,36.75,-88.75,39.23,48.95,6948.165062725016,282.31098550940567,10.402693614488678,13.359359559396866,0.01842417431209402,0.6874195309029048
315,2016-05-12 02:00:00,38.0,-90.25,2.7,8.17,1964.2794414372333,185.71356963554166,2.6409075260016364,5.504605091573834,0.007110163062355521,0.5807828195943128
316,2016-05-17 02:00:00,35.75,-100.75,11.08,19.83,4029.855290524543,237.359406552873,5.013544412101388,9.309046792323741,0.010561082210543436,0.9933581408567971
317,2016-05-17 19:00:00,32.0,-81.0,4.7,11.09,2806.8606883965,197.02371358419379,3.3775217471089998,7.056624480153315,0.008571358456467448,0.8009346274479339
318,2016-05-22 23:00:00,34.5,-100.75,4.88,12.72,2977.7877881684567,217.43903638485617,3.509416143359149,6.395240561690034,0.008069885246243592,1.052627667116309
319,2016-05-23 01:00:00,32.25,-101.5,3.41,7.77,4137.947672711096,160.2596387424078,2.9080227253010387,7.321285132710591,0.009072848123585343,0.8023285769428306
320,2016-05-25 00:00:00,37.75,-99.5,14.16,29.35,3065.195798894962,234.4187251639136,7.512615913010086,8.03943464347406,0.016023924513191103,0.7430226505176549
321,2016-06-23 02:00:00,41.0,-89.0,25.79,26.39,6664.0219638406315,250.2794510893519,6.327584819616676,16.283983889719735,0.012641039430276026,0.49729475247944166
322,2016-11-30 02:00:00,34.75,-86.25,37.81,43.64,11109.01320735392,250.13754440534063,10.467362611693535,14.441219186461781,0.020923213739420656,0.7526853779192981
323,2017-01-22 21:00:00,32.25,-83.75,121.24,76.93,15938.257067170878,329.44849484817405,14.010638431920869,26.265445702967526,0.021263776661626054,0.6133177162005715
324,2017-04-02 22:00:00,31.5,-92.25,26.19,36.01,7382.527429007639,235.86173848613424,9.16074487644061,12.122359901434756,0.019419734915968892,0.36767414053971237
325,2017-05-16 23:00:00,35.25,-99.5,27.82,31.39,8427.011684378145,239.51046297026951,7.8623894634343765,14.773551884326329,0.016413457195000154,0.5925527203579225
326,2017-05-17 00:00:00,37.75,-99.25,44.23,55.94,9089.530036358086,318.0662139896305,10.552619106570239,13.1776387652263,0.016588714302919128,0.6268598333706208
327,2017-06-28 21:00:00,40.75,-94.75,31.97,39.25,6094.876644052109,243.58290045052044,9.667062035622969,13.575728476366832,0.019843474270449992,0.5698495502976326
328,2017-11-05 17:00:00,40.25,-85.5,50.58,64.78,7824.140137455134,254.40898611297087,15.277217181514853,13.013767518333735,0.030024916601670216,0.4884320041132161
329,2018-03-20 03:00:00,33.75,-85.75,70.26,49.64,7203.000095070743,244.62048578553672,12.174947153099714,23.591180962018555,0.02488537931318989,0.2849514701988285
330,2018-06-29 04:00:00,45.5,-103.5,15.09,24.53,6352.342460659327,213.09113534917134,6.906425291597172,10.253581099201114,0.016205332240311867,0.682997509690975
331,2018-07-19 22:00:00,41.5,-93.0,12.11,13.62,4660.450905579041,183.54044295700655,4.453264121193402,14.820117638058688,0.012131560895918065,0.5009184906820866
332,2018-12-01 22:00:00,39.75,-89.25,14.28,20.31,4595.501575153302,209.5249063720891,5.815827699142911,11.722455431251651,0.013878607082670052,0.254265363877734
333,2019-05-18 03:00:00,37.75,-99.5,30.07,29.05,4028.8531342993365,248.81789514795005,7.005507074771461,17.249898278076614,0.01407757884658156,0.19789045086996648
334,2020-04-12 21:00:00,31.75,-89.75,119.34,91.22,14273.418681715997,307.3695084838548,17.80655859274321,21.803548205305695,0.02896604591746376,0.49848589753664363
335,2020-04-23 00:00:00,31.0,-93.75,52.26,56.51,13071.813013297202,273.11348075314294,12.413744144554808,15.414012203956554,0.022726348238692632,0.7612652673797257
336,2020-05-23 17:00:00,41.75,-90.25,6.63,11.34,4102.949700647198,222.98838343526808,3.050415707089733,9.746143815383709,0.0068398534042362945,0.6997876866287828
337,2021-03-12 23:00:00,33.75,-101.5,2.8,4.36,1849.7842485899848,160.94193953942923,1.6260076142986062,10.689888699406156,0.005051534792459271,0.2787501803696519
338,2021-03-13 23:00:00,35.0,-101.0,35.88,35.92,13281.883557446012,271.67956920437337,7.932769787424804,16.64868071081521,0.014599496404268272,0.7381346651561781
339,2021-03-16 23:00:00,31.75,-90.5,6.1,10.21,2174.7301825181135,215.99855255277006,2.8363841596996906,9.95438063494991,0.006565748071406036,0.3024882048130056
340,2021-03-17 21:00:00,32.25,-87.5,55.24,58.82,8378.50286558504,284.67186148253927,12.397377048868709,15.65168422742854,0.021774855063483537,0.6048264792513642
341,2021-03-24 22:00:00,31.5,-98.75,4.2,8.44,3270.7896617263855,172.35751275200974,2.9396340716813083,8.28163477384075,0.008527722478540558,0.37701974472746236
342,2021-03-25 22:00:00,33.25,-86.25,125.44,110.54,13146.270469591802,358.8189760282963,18.484789235405305,18.911802170419794,0.02575782005735896,0.4803850741028588
343,2021-03-26 02:00:00,34.0,-84.75,66.67,50.26,10334.742939256052,237.7042828058505,12.687523290381884,22.10779248917892,0.026687620308348967,0.3855007560036252
344,2021-04-27 21:00:00,33.75,-100.0,8.84,13.67,5709.401873010455,311.69046169893596,2.63098507339109,10.773710668990333,0.0042205094423652546,0.6129320275426238
345,2021-05-02 23:00:00,32.75,-90.0,39.6,55.25,6688.615115758655,302.98846718771784,10.941242757911745,11.946041856356395,0.018055543267811988,0.6027442695136028
346,2021-05-09 21:00:00,35.5,-89.75,8.43,7.98,1575.8282528827538,137.9813789628055,3.4687914227070498,17.61998157105188,0.012569780968930971,0.10533330026784149
347,2021-05-15 00:00:00,45.25,-96.25,1.0,7.31,1582.438237527821,200.61231565298073,2.18481831754226,2.273721894849119,0.005445374354088908,0.655835460812435
348,2021-05-18 00:00:00,32.0,-101.25,16.33,27.52,4006.8321175611622,246.71603417821348,6.691965533518183,9.889362905722379,0.013562080705067373,0.6168439211640586
349,2021-05-24 21:00:00,39.5,-101.0,11.04,24.64,3491.6819981964163,350.5385931772242,4.218348765789119,7.466108387523856,0.006016953408117918,0.7851542666104963
350,2021-05-26 23:00:00,40.25,-101.5,11.38,23.13,5298.600510046623,269.46159097093476,5.150086395009452,8.198038188898567,0.009556253224165371,1.1686197181326115
351,2021-05-30 00:00:00,37.25,-103.25,3.46,7.4,2819.731304061346,179.32394001481643,2.476443499977251,7.799903712383023,0.006904943923752282,1.3902154492599426
352,2021-05-31 00:00:00,36.25,-102.0,3.93,12.46,2889.9682615156134,218.20140908611526,3.425137040672525,5.253944739389149,0.007848567649076826,0.8053709785951912
353,2021-06-03 21:00:00,39.5,-76.75,5.21,8.4,2521.8998646239634,189.23680867081782,2.662391887731468,10.334004757121225,0.007034550800216583,0.46571642685550335
354,2021-06-08 22:00:00,38.5,-87.25,3.76,6.55,1445.3923361905554,143.0661350797111,2.7457032460337323,9.563425969819244,0.00959592304812012,0.3221749770690633
355,2021-06-12 22:00:00,35.75,-105.25,3.23,11.64,1531.209602729101,254.6923019406929,2.7427895758464547,4.621449688490967,0.00538451605122548,0.7051739892047586
356,2021-07-11 01:00:00,36.75,-90.0,7.88,13.75,2568.3700300652317,190.46937140347197,4.330661945072894,9.554403933916406,0.011368394595840915,0.3662225282273764
357,2021-07-14 23:00:00,42.5,-92.5,22.14,34.02,5630.693325280148,317.9330836772139,6.419346779664148,10.846871003882255,0.010095436916186869,0.7583083922404489
358,2021-07-18 22:00:00,42.0,-72.25,1.28,5.05,1010.6717348623713,129.61135572848076,2.338944686529236,4.222664109089242,0.009022915752185426,0.266463503669099
359,2021-07-26 21:00:00,47.75,-95.0,1.56,10.82,4535.339796367143,236.23630437553544,2.7489451618558975,2.400261695308667,0.005818210645316414,1.232675701615133
360,2021-08-07 22:00:00,43.75,-90.75,10.23,17.1,3212.1959790154838,206.84214266569754,4.961045357312163,9.970464281546866,0.011992346659573879,0.6310498201540796
361,2021-08-11 19:00:00,43.75,-90.5,8.49,9.7,5246.69806958961,207.53575370164097,2.8051986993172546,14.586995307876538,0.0067583504270548106,0.7117698140217339
362,2021-08-17 19:00:00,33.75,-81.5,21.18,34.79,3996.955148474206,264.0552099250166,7.904815480973541,10.144653002403986,0.014968111182540692,0.7029549815631534
363,2021-08-17 20:00:00,33.75,-81.5,20.9,33.56,3920.0628986180523,281.4001909025726,7.155889398268807,10.379316037532426,0.012714791300099625,0.6896059252006427
364,2021-08-18 22:00:00,40.5,-77.25,7.84,14.75,3022.1003652874933,193.13038133500774,4.583563506772342,8.85772098395834,0.011866500431181782,0.5278749615553229
365,2021-08-21 23:00:00,34.75,-88.0,8.47,18.34,2094.1281641155556,203.67691221783625,5.4025777880612385,7.694671721795695,0.013262617076311234,0.5323318863437219
366,2021-09-01 22:00:00,39.5,-75.25,16.07,19.17,4687.423405999106,216.14109707167881,5.322615291046218,13.964461530528208,0.012312825656846464,0.32805081529654456
367,2021-10-07 00:00:00,36.0,-84.75,3.47,8.83,1380.0400920146778,190.20352672260813,2.7856411819089613,6.551330454983883,0.007322790565212617,0.33101200391714714
368,2021-10-27 14:00:00,29.75,-93.75,11.62,18.25,3912.636515583916,261.2393609667895,4.190644650217011,10.614002305182455,0.008020699167821332,0.7627806309512815
369,2021-12-11 01:00:00,38.5,-91.25,41.13,27.16,7861.734911528757,174.32135285029412,9.349940571111613,25.235897533061635,0.026818116135036173,0.1387278632742699
370,2021-12-11 02:00:00,36.0,-89.75,133.31,97.86,13017.414099808302,335.32776442916844,17.509518480981342,22.705380454260176,0.026108065508366057,0.3973685021372014
371,2021-12-11 02:00:00,39.5,-89.25,68.37,47.86,11177.096415439164,219.70120360054574,13.071588724069839,23.808323389319845,0.029748559657042702,0.3209346393904051
372,2021-12-11 04:00:00,36.75,-88.75,263.61,172.65,16644.02722638452,401.5222267038197,25.798879838832626,25.44831521077698,0.03212634086364415,0.3865900068471364
373,2021-12-11 06:00:00,36.5,-87.5,174.42,122.62,14059.386700558798,335.66150564338034,21.9192709951486,23.706938488810597,0.03265085603595617,0.31349610122797567
374,2021-12-15 21:00:00,42.0,-96.75,14.31,13.0,2471.1822627932647,126.66580566793402,6.158976391067568,18.339814660200364,0.024311914168903194,-0.06031696825207211
375,2021-12-15 23:00:00,43.0,-93.0,38.24,31.61,9147.019328873961,224.79054995529657,8.436085133701486,20.16249070049977,0.0187643233565182,0.2572100372755769
376,2021-12-30 20:00:00,32.75,-83.0,24.65,25.72,4036.915594699731,203.2162243555539,7.594863552847339,15.969297671561524,0.018686656483586448,0.22997164938973466
377,2022-01-01 23:00:00,35.0,-86.5,20.26,19.35,8962.857365485408,170.38556830421777,6.812471519905905,17.453663487224734,0.01999133960612927,0.3443706712023902
378,2022-03-06 22:00:00,35.25,-93.5,14.29,18.17,9105.28249165479,188.1315894820365,5.7941110803126845,13.106651038243502,0.015399091392001256,0.5281964323416828
379,2022-03-09 14:00:00,32.25,-84.25,15.59,18.23,3338.732460879494,164.32695163066748,6.656772557676593,14.25318799541289,0.020254658446527997,0.1463399289137115
380,2022-03-15 00:00:00,32.75,-96.5,1.33,1.71,261.1835210027626,73.14467393566963,1.4036142444404343,12.933416524699348,0.009594780924684318,-0.19855916512690874
381,2022-03-18 23:00:00,38.5,-86.25,5.53,9.78,3806.952785640611,176.07441466503417,3.3339547987378726,9.418094939884773,0.009467459554190266,0.3935040254508463
382,2022-03-21 20:00:00,33.0,-97.75,53.41,48.8,8507.746727714795,224.1654174425265,13.062390545677136,18.23904531117648,0.029135605961669326,0.2008080242431043
383,2022-03-24 01:00:00,34.75,-83.0,9.68,9.8,4541.863988170122,119.69501878364402,4.910625051094358,16.464910584266438,0.020513071893035955,0.17856146974458642
384,2022-04-05 22:00:00,32.25,-81.0,49.26,46.05,8964.133657343127,280.3951200555187,9.853701422178164,17.830225331724275,0.017571100060919595,0.4918578897802429
385,2022-04-12 01:00:00,34.75,-92.25,8.87,14.11,4791.056306378725,191.9824458936895,4.411258417225244,10.46971853705523,0.011488702513114098,0.5498409304172138
386,2022-05-01 23:00:00,31.0,-102.75,4.64,10.65,3630.1751953103385,222.51976400884442,2.870364695042316,7.267300341465122,0.006449684835474274,0.9063547319749553
387,2022-05-05 04:00:00,34.25,-99.0,16.22,39.54,6526.676726705984,302.816109522282,7.83390073453508,6.836955450504319,0.012935079224968778,0.6203674279615318
388,2022-05-07 00:00:00,36.25,-80.0,12.14,11.59,3242.537105278509,152.04243853577765,4.573818088124622,17.462201343348614,0.015041254705502308,0.16131072603620455
389,2022-05-20 20:00:00,45.0,-84.75,26.79,24.33,5965.09398469725,180.2873586410519,8.096906624183468,18.349885111284756,0.022455558407465017,0.22827016720463333
390,2022-05-26 23:00:00,35.25,-81.25,8.84,11.95,3364.508112758833,161.2793178120604,4.446956979886914,12.321292913321216,0.013786507285047468,0.2593526083730604
391,2022-06-01 04:00:00,34.25,-98.75,4.6,14.58,3170.326526854812,189.4321465757213,4.619382387037179,5.256301286630665,0.012192709818633352,0.6992896795438845
392,2022-06-10 05:00:00,39.25,-100.0,1.55,4.28,2524.1008327117784,133.8033806373772,1.9188382242798925,6.037631933759237,0.007170365259604944,0.6140922715254652
393,2022-06-11 22:00:00,40.0,-96.75,13.47,20.18,5616.519964846029,232.0289425071478,5.218364580817769,11.126667124898393,0.011245072542312289,0.8444743492209015
394,2022-06-13 03:00:00,44.0,-101.0,5.95,10.67,5117.192589526842,164.70669402518047,3.8876613504190263,9.286576091482964,0.011801770940240833,1.1631542273850415
395,2022-06-15 21:00:00,43.5,-90.5,28.49,34.66,7180.231541501013,268.23491864006985,7.754012070166904,13.696827527656295,0.014453770801876096,0.4716028304857708
396,2022-07-12 01:00:00,43.0,-84.75,8.28,8.03,1708.782947565025,139.02679853065567,3.466737166165105,17.176079195593207,0.012467873830097162,0.05933610180694153
397,2022-07-17 21:00:00,39.25,-83.0,8.09,13.13,3358.272737891898,175.38841872618934,4.491714370982014,10.27162429254384,0.012805048370937,0.3552792220011171
398,2022-08-01 02:00:00,43.75,-93.5,3.17,4.29,1354.8669933390458,123.98214686821488,2.0746092371823974,12.322406556418885,0.00836656441909969,0.07540241568125944
399,2022-08-01 16:00:00,43.25,-84.0,6.27,10.67,2695.3633720576827,217.18211321043583,2.9490735504773995,9.782920296592044,0.006789402467089756,0.5286590841666666
400,2022-08-20 18:00:00,41.0,-91.0,2.52,7.24,2328.3088498948314,209.51400545791225,2.0735881262794993,5.802038508831249,0.004948566855345733,0.8418449903128867
401,2022-09-20 01:00:00,42.5,-77.5,1.58,1.97,616.2100195931596,60.368976086900304,1.96179945248042,13.35588584308781,0.016248407540128202,-0.1212509807091493
402,2022-09-26 00:00:00,42.0,-74.75,2.62,3.12,1068.2370149769506,75.18187011458849,2.4920071304301885,13.998464392622257,0.01657319195859317,-0.08138629822414606
403,2022-09-27 22:00:00,25.75,-80.25,9.11,16.37,3257.4507780215235,207.98111253655512,4.721169695177768,9.281318892543418,0.011349996251097002,0.4975403403020273
404,2022-09-27 23:00:00,25.75,-80.25,9.39,16.92,2905.768213905604,216.06296540099362,4.698793422674324,9.248875260965972,0.010873666882137303,0.3793662279950094
405,2022-09-28 18:00:00,28.25,-80.75,6.77,11.59,1957.2380907342356,158.1198938782246,4.398790290643723,9.74022076859406,0.013909667476855994,0.17303624130735806
406,2022-10-29 22:00:00,30.5,-88.0,8.06,16.8,2837.0207313600845,228.18894650373636,4.416815374205263,7.992309776698098,0.009677978363717416,0.7052383211276858
407,2022-11-04 21:00:00,33.75,-95.5,63.22,72.93,10100.399205775791,290.9135959258035,15.042107284014376,14.446208065118004,0.02585322153154164,0.37965561658553526
408,2022-11-04 23:00:00,33.5,-94.75,89.62,91.52,12100.86011484918,337.1339484684942,16.28759675601841,16.321557166816817,0.024155972470302135,0.6301119328252094
409,2022-11-30 09:00:00,31.5,-88.25,37.22,32.88,5150.659314590221,190.57972831829915,10.350671998727481,18.86858181653161,0.027155752844395326,0.12147139727680234
410,2022-12-14 17:00:00,32.0,-89.25,42.84,52.48,7847.240827738875,234.00636065171167,13.455987608313254,13.604448256205083,0.028751328747727414,0.3593677933898407
411,2023-01-03 21:00:00,32.0,-85.5,24.73,27.5,3540.0297751810335,188.48532268784527,8.753776544116285,14.986260758865969,0.02322137453273645,0.11760186267101325
412,2023-03-25 01:00:00,33.25,-91.0,65.15,43.15,6067.583076310301,208.5738668261478,12.412250403307043,25.165177032610245,0.02975504695814314,0.07576500432272049
413,2023-03-27 09:00:00,32.5,-86.0,35.4,35.99,5895.581522960684,228.75100626331616,9.439901485155378,16.393402515046194,0.020633573682052073,0.3276749639100067
414,2023-03-31 20:00:00,34.75,-92.0,50.92,38.82,10699.124682336362,226.79625158291597,10.26919885612859,21.86339840033387,0.022639701459911923,0.31069461735171344
415,2023-03-31 20:00:00,41.25,-92.25,23.84,27.21,3349.881456831284,256.1234171449346,6.373869809286454,14.601027596331315,0.012442965739598152,0.19215811586553078
416,2023-03-31 21:00:00,35.5,-89.5,107.69,84.85,11159.454441508307,332.36104386880015,15.317131551210975,21.15284678571555,0.023042910464045583,0.49828971032546526
417,2023-03-31 23:00:00,35.75,-89.25,72.66,45.75,11139.729447904665,260.87170571880426,10.522637246633797,26.47110673768964,0.020168222570630626,0.29657527755951063
418,2023-04-01 02:00:00,38.75,-88.0,63.91,37.6,9007.844157891775,207.1449474213513,10.891556043379817,28.326023867452815,0.02628969757400218,0.10292225972422442
419,2023-04-01 02:00:00,39.0,-88.0,53.4,30.62,7735.48276266816,182.36000117206672,10.073163434084563,29.07031855619542,0.02761889495871405,0.06358347927494112
420,2023-04-01 03:00:00,35.25,-88.5,125.39,96.36,13567.83735215354,300.3269407559357,19.25153409501932,21.687316834128406,0.032050960940371166,0.3818164546145376
421,2023-04-01 04:00:00,39.25,-86.75,2.64,1.67,793.7945643346295,40.53647347657063,2.4724291490566825,26.313771497211828,0.03049635226021454,-0.2509074819163837
422,2023-04-01 23:00:00,38.75,-75.75,18.15,16.49,9675.318462896688,180.14029212986551,5.493183449671983,18.337856531102705,0.01524695942457969,0.3429698506785279
423,2023-04-05 02:00:00,40.5,-90.0,34.98,34.16,12449.718500252622,277.8828581079596,7.374960439063036,17.067278533025355,0.013269908927231865,0.6044272842909888
424,2023-04-20 02:00:00,35.0,-97.0,27.95,42.28,7495.9338556767025,263.1653403234196,9.638540494841962,11.017720205002375,0.018312708814535728,1.0971161293286655
425,2023-05-12 01:00:00,35.25,-97.5,11.47,18.87,3906.0005226362105,185.15166380535436,6.114543831878991,10.12709029141551,0.016512257319780472,0.4499080432745499
426,2023-05-12 20:00:00,41.75,-98.5,14.95,22.07,4320.486549884846,229.60357384799303,5.766619926317523,11.291476838803804,0.012557774754271162,0.5547507973503216
427,2023-06-01 20:00:00,45.5,-97.0,0.0,0.0,65.64856678494864,inf,inf,5.650747096476632,0.0015270603828775116,2.080442898782851
428,2023-06-11 22:00:00,36.25,-85.0,12.84,21.67,3905.374180860243,230.5948158115041,5.6395723239187765,9.87623772750095,0.012228315506730106,0.39453339202528576
429,2023-06-14 20:00:00,31.25,-84.5,21.11,26.41,5981.353432364753,266.2279353388223,5.952915497085006,13.317009414266561,0.011180110549835547,0.6341007213125138
430,2023-06-19 00:00:00,33.5,-92.25,17.46,18.99,4602.680401480907,215.71491848486608,5.282491607004176,15.322369674663255,0.01224414992738386,0.4309086494214699
431,2023-06-22 01:00:00,40.0,-103.5,3.52,10.3,1461.6895316937516,172.92870490664507,3.5752149230180614,5.69966541945565,0.01033725119536438,1.4299352356629327
432,2023-06-23 23:00:00,37.5,-102.25,21.84,31.65,5984.53683220031,297.7757091651361,6.3773948149655615,11.500163687881196,0.010708386578686441,0.7625767637143124
433,2023-06-25 19:00:00,39.25,-86.75,11.25,14.33,5978.986632526497,211.05148743498958,4.075067826045845,13.085649339601721,0.009654203046782819,0.5280178035187039
434,2023-06-27 01:00:00,41.25,-104.25,1.96,6.45,7463.4710027475385,186.72505902509909,2.072946985075964,5.066216971251694,0.0055508001869136485,1.4061468929771423
435,2023-06-29 03:00:00,40.5,-102.75,1.76,5.93,3591.9815944006514,170.44477680510602,2.0864774207805623,4.949436712836927,0.006120684540443065,1.2645179686103691
436,2023-07-02 19:00:00,40.5,-77.5,8.48,10.8,2629.1816207837346,162.8001023636977,3.9797860565090226,13.088195923191096,0.012222922463580903,0.27099838914797136
437,2023-07-13 00:00:00,41.75,-88.0,20.79,21.22,4494.06942103924,189.81148940926153,6.7063180562561175,16.33556112531172,0.017665732662252884,0.3143110701719082
438,2023-08-04 22:00:00,39.25,-93.75,5.98,10.71,1732.3872201410745,215.24365369574053,2.9866937793949444,9.300169423579433,0.006937936910364871,0.49981756548655065
439,2023-10-12 21:00:00,40.25,-98.75,8.78,12.02,5811.973152106934,187.69403516892547,3.841165087636252,12.179308065202068,0.010232517736056946,0.3806569064587688
440,2024-01-15 21:00:00,27.25,-80.25,9.81,27.42,3652.989384388493,299.825999261922,5.487977476304765,5.963428186352396,0.009151937273309273,0.7324793719866417
441,2024-01-27 23:00:00,34.0,-81.75,7.19,13.73,4210.569599438869,176.07047438925218,4.678084415130111,8.729455900175331,0.013284693050772156,0.4179988115792328
442,2024-02-02 22:00:00,33.0,-100.0,6.41,7.06,2079.039568506832,204.41205312505392,2.0709439283881697,15.13144443548312,0.005065611094667741,0.3153272128493704
443,2024-02-09 00:00:00,42.5,-89.25,19.45,16.48,3496.018907457779,163.29738550876831,6.054250662807502,19.669211998183627,0.018537500291094425,-0.022326602637707915
444,2024-02-09 21:00:00,34.5,-93.25,3.77,5.05,4237.926401939191,161.3644145506027,1.8792986615589522,12.417253811163087,0.005823150868773542,0.3434160119129979
445,2024-03-01 22:00:00,37.0,-120.25,4.39,6.64,6163.035971884418,168.63037057925936,2.362429972378707,11.023578979095106,0.007004758289576081,0.55735803385487
446,2024-03-14 18:00:00,38.75,-85.5,26.23,30.82,7763.946790376418,248.74601747263242,7.433551616916549,14.184414266512396,0.014942051519949269,0.6254714942131027
447,2024-03-15 00:00:00,40.25,-84.0,67.7,57.81,8335.841143350272,298.19675590678935,11.631126922982519,19.519159638326126,0.019502437053034522,0.4857494458844352
448,2024-04-02 00:00:00,36.0,-97.25,12.23,12.46,5621.150768383406,159.0463784880679,4.699216100646299,16.357488765021934,0.014773099976617347,0.23559409811192655
449,2024-04-03 22:00:00,37.75,-76.5,2.49,3.41,1417.4733385311397,93.30690525369624,2.190957805446459,12.177303822426866,0.011740598402065568,-0.012289665417608231
450,2024-04-08 00:00:00,38.5,-89.25,2.39,4.99,1846.8720511501806,120.1699495141355,2.4911531268722436,7.979527649143537,0.010365125128804399,0.06758275613459463
451,2024-04-16 21:00:00,40.75,-91.25,73.9,73.57,11005.99758155023,288.95788939576204,15.276504201271432,16.741128599154816,0.026433789769879673,0.3479007393795992
452,2024-04-26 17:00:00,41.5,-98.25,7.88,13.05,2053.352690122121,153.43491998822077,5.105045407011891,10.065123514774623,0.016635865575462896,0.07780841439530195
453,2024-04-26 22:00:00,41.5,-95.5,52.17,48.86,5473.331879581989,270.32963252911514,10.843700486622971,17.79817219244419,0.02005644069644322,0.2553879329584149
454,2024-05-01 03:00:00,34.25,-98.75,3.22,11.1,1936.3724540779103,242.14775458644266,2.750776970462296,4.837250140488706,0.005679955560934832,1.2494671987080959
455,2024-05-01 23:00:00,34.25,-101.0,8.41,22.98,2383.21045137976,240.85996598165693,5.724509013456492,6.098021842216771,0.011883479660319414,1.0832927563261543
456,2024-05-07 02:00:00,36.25,-96.25,63.29,67.62,10431.903331965801,307.6546361148179,13.18755206203149,15.600601894681612,0.021432396125358313,0.5960552931703429
457,2024-05-07 20:00:00,42.25,-85.5,11.17,16.02,5585.14479451419,169.06281284855203,5.684816100996553,11.625017561747464,0.01681273369705809,0.43152152560215795
458,2024-05-08 05:00:00,34.25,-93.25,19.86,32.11,4621.6007243736785,244.50799151867483,7.879437279289145,10.30715836777629,0.01611284201867761,0.49269281413793786
459,2024-05-08 22:00:00,35.5,-87.0,24.55,30.41,5828.334147111275,244.5164510281322,7.462774966559442,13.45489295655188,0.01526027172237346,0.556058354451095
460,2024-05-09 05:00:00,34.5,-86.0,25.76,38.97,5495.458349326949,232.13638141807508,10.072852282855616,11.016962918803893,0.021695979366359034,0.5540661468610946
461,2024-05-11 23:00:00,40.25,-79.5,9.63,12.78,2607.652467995702,178.4247551345448,4.29894904158224,12.555235581368558,0.012046952336688175,0.2270756931151884
462,2024-05-15 00:00:00,34.25,-78.75,11.53,12.83,2372.5893618613427,165.4032976564557,4.652440981087327,14.981449707484483,0.014063930547353698,0.16189483121763837
463,2024-05-19 20:00:00,40.5,-103.0,5.82,17.6,553.4797898707437,389.5558628984851,2.7103784546803644,5.508868530070707,0.0034788058823115,0.4121447084448844
464,2024-05-20 00:00:00,35.5,-99.5,13.74,17.43,7104.115588593338,238.23569869111495,4.389305242421726,13.140530354417669,0.009212106469636798,0.9099465507592327
465,2024-05-20 02:00:00,35.75,-97.75,19.23,26.58,5907.550320026368,270.24383097359157,5.901047746551299,12.060293942524106,0.010918006389437164,0.7852602825123846
466,2024-05-20 23:00:00,44.0,-93.0,1.93,7.31,407.49918313398496,230.8491236010217,1.9008905753136436,4.390249698921614,0.004117170872606316,0.21072209128880603
467,2024-05-22 22:00:00,31.5,-98.5,2.86,6.72,2587.00231573086,160.6381639511399,2.5084038420279198,7.095031617838214,0.007807621116706994,0.27665047721013103
468,2024-05-22 23:00:00,31.0,-97.5,3.46,8.05,3299.5903925383013,227.24827048604843,2.126121063923569,7.161878397098304,0.004677969736306748,0.8149343024775252
469,2024-05-23 22:00:00,31.25,-97.0,13.19,24.63,5296.638772692701,256.01075821483704,5.772075697072762,8.925524823759947,0.011273111601483947,1.199602964802954
470,2024-05-26 04:00:00,33.75,-98.0,75.67,89.33,13933.926810619218,322.98833485754443,16.594296122533486,14.11791123045757,0.02568869264249509,0.9894650090074141
471,2024-05-26 04:00:00,36.0,-96.0,38.78,49.2,12357.681347037544,291.2727627937291,10.135327207911635,13.136007681277842,0.017398343584719554,1.1342875949040878
472,2024-05-26 05:00:00,36.5,-94.5,26.01,36.21,10368.7416326181,264.5664231345894,8.210838539658107,11.974997116244216,0.015517537037345657,0.9485022892199144
473,2024-05-26 08:00:00,36.0,-92.75,54.78,73.75,11146.800106637382,291.9678177279551,15.155917169774359,12.379789771529145,0.025954773522155937,0.8952971612044617
474,2024-05-27 02:00:00,37.0,-87.75,56.42,48.81,4547.936627961544,229.02270220083253,12.788132232280576,19.263380514450375,0.02791891831986709,0.24373219747244843
475,2024-05-27 02:00:00,37.25,-87.0,68.07,54.85,6539.470858370275,231.3739678629069,14.222943867336003,20.685852508080846,0.030735834283144903,0.3045856366371124
476,2024-06-12 23:00:00,47.0,-93.75,9.7,9.76,4200.492760022303,183.39831514512395,3.1932798666895628,16.57139853165426,0.008705859331812033,0.2322629001553403
477,2024-06-20 21:00:00,42.0,-104.0,3.02,10.5,2865.738300501983,251.33423480587766,2.5064728265890373,4.790749216666491,0.004986333892247021,0.8879018505044404
